=== Mode S D2b: split export + incremental import ===
started: 2026-07-30T13:09:32+08:00
Step A: split export.xml
{
  "onu_total": 1022,
  "provision_files": 1022,
  "service_files": 1016,
  "base_files": 34,
  "onu_template_files": 20,
  "rpc_base_files": 34,
  "rpc_provision_files": 1022,
  "rpc_service_files": 1016
}
configs written under /home/oreo/works/repo/build-xpon/workspace/sources/netconf-polt/scripts/scale_cfg/work/configs
RPC review files: /home/oreo/works/repo/build-xpon/workspace/sources/netconf-polt/scripts/scale_cfg/work/configs/rpc/ (see rpc/README.txt)
Step B1: install YANG on fresh repo
Installing YANG modules into /home/oreo/works/repo/build-xpon/workspace/sources/netconf-polt/scripts/scale_cfg/work/fresh_repo
  DESTDIR=/home/oreo/works/repo/build-xpon/workspace/sources/netconf-polt/../xpon-yang/yang
  SYSREPO_SHM_DIR=/home/oreo/works/repo/build-xpon/workspace/sources/netconf-polt/scripts/scale_cfg/work/shm/fresh_d2b
Validate common/vecima-common.yang
/home/oreo/works/repo/build-xpon/workspace/sources/netconf-polt/.local/bin/pyang --lint --lint-modulename-prefix=vecima --lint-namespace-prefix=urn:vecima:yang: --max-line-len=70 /home/oreo/works/repo/build-xpon/workspace/sources/netconf-polt/../xpon-yang/yang/common/vecima-common.yang -p '/home/oreo/works/repo/build-xpon/workspace/sources/netconf-polt/../xpon-yang/yang/exs1610/internal:/home/oreo/works/repo/build-xpon/workspace/sources/netconf-polt/../xpon-yang/yang/common:/home/oreo/works/repo/build-xpon/workspace/sources/netconf-polt/../xpon-yang/yang/exs1610:/home/oreo/works/repo/build-xpon/workspace/sources/netconf-polt/../xpon-yang/yang/exs1610/onus'
Install common/vecima-common.yang
'/home/oreo/works/repo/build-xpon/workspace/sources/netconf-polt/.local/runtime/usr/bin/sysrepoctl' -i /home/oreo/works/repo/build-xpon/workspace/sources/netconf-polt/../xpon-yang/yang/common/vecima-common.yang -s '/home/oreo/works/repo/build-xpon/workspace/sources/netconf-polt/../xpon-yang/yang/exs1610/internal:/home/oreo/works/repo/build-xpon/workspace/sources/netconf-polt/../xpon-yang/yang/common:/home/oreo/works/repo/build-xpon/workspace/sources/netconf-polt/../xpon-yang/yang/exs1610:/home/oreo/works/repo/build-xpon/workspace/sources/netconf-polt/../xpon-yang/yang/exs1610/onus' -p '600' -v3
[INF] Connection 2 created.
[INF] Module "vecima-common" was installed.
[INF] File "vecima-common@2022-02-01.yang" was installed.
[INF] Connection 2 destroyed.
Validate common/vecima-olt-common.yang
/home/oreo/works/repo/build-xpon/workspace/sources/netconf-polt/.local/bin/pyang --lint --lint-modulename-prefix=vecima --lint-namespace-prefix=urn:vecima:yang: --max-line-len=70 /home/oreo/works/repo/build-xpon/workspace/sources/netconf-polt/../xpon-yang/yang/common/vecima-olt-common.yang -p '/home/oreo/works/repo/build-xpon/workspace/sources/netconf-polt/../xpon-yang/yang/exs1610/internal:/home/oreo/works/repo/build-xpon/workspace/sources/netconf-polt/../xpon-yang/yang/common:/home/oreo/works/repo/build-xpon/workspace/sources/netconf-polt/../xpon-yang/yang/exs1610:/home/oreo/works/repo/build-xpon/workspace/sources/netconf-polt/../xpon-yang/yang/exs1610/onus'
Install common/vecima-olt-common.yang
'/home/oreo/works/repo/build-xpon/workspace/sources/netconf-polt/.local/runtime/usr/bin/sysrepoctl' -i /home/oreo/works/repo/build-xpon/workspace/sources/netconf-polt/../xpon-yang/yang/common/vecima-olt-common.yang -s '/home/oreo/works/repo/build-xpon/workspace/sources/netconf-polt/../xpon-yang/yang/exs1610/internal:/home/oreo/works/repo/build-xpon/workspace/sources/netconf-polt/../xpon-yang/yang/common:/home/oreo/works/repo/build-xpon/workspace/sources/netconf-polt/../xpon-yang/yang/exs1610:/home/oreo/works/repo/build-xpon/workspace/sources/netconf-polt/../xpon-yang/yang/exs1610/onus' -p '600' -v3
[INF] Connection 4 created.
[INF] Module "vecima-olt-common" was installed.
[INF] File "vecima-olt-common@2025-03-10.yang" was installed.
[INF] Connection 4 destroyed.
Validate common/vecima-device-types.yang
/home/oreo/works/repo/build-xpon/workspace/sources/netconf-polt/.local/bin/pyang --lint --lint-modulename-prefix=vecima --lint-namespace-prefix=urn:vecima:yang: --max-line-len=70 /home/oreo/works/repo/build-xpon/workspace/sources/netconf-polt/../xpon-yang/yang/common/vecima-device-types.yang -p '/home/oreo/works/repo/build-xpon/workspace/sources/netconf-polt/../xpon-yang/yang/exs1610/internal:/home/oreo/works/repo/build-xpon/workspace/sources/netconf-polt/../xpon-yang/yang/common:/home/oreo/works/repo/build-xpon/workspace/sources/netconf-polt/../xpon-yang/yang/exs1610:/home/oreo/works/repo/build-xpon/workspace/sources/netconf-polt/../xpon-yang/yang/exs1610/onus'
Install common/vecima-device-types.yang
'/home/oreo/works/repo/build-xpon/workspace/sources/netconf-polt/.local/runtime/usr/bin/sysrepoctl' -i /home/oreo/works/repo/build-xpon/workspace/sources/netconf-polt/../xpon-yang/yang/common/vecima-device-types.yang -s '/home/oreo/works/repo/build-xpon/workspace/sources/netconf-polt/../xpon-yang/yang/exs1610/internal:/home/oreo/works/repo/build-xpon/workspace/sources/netconf-polt/../xpon-yang/yang/common:/home/oreo/works/repo/build-xpon/workspace/sources/netconf-polt/../xpon-yang/yang/exs1610:/home/oreo/works/repo/build-xpon/workspace/sources/netconf-polt/../xpon-yang/yang/exs1610/onus' -p '600' -v3
[INF] Connection 6 created.
[INF] Module "vecima-device-types" was installed.
[INF] File "vecima-device-types@2023-03-13.yang" was installed.
[INF] Connection 6 destroyed.
Validate common/vecima-device.yang
/home/oreo/works/repo/build-xpon/workspace/sources/netconf-polt/.local/bin/pyang --lint --lint-modulename-prefix=vecima --lint-namespace-prefix=urn:vecima:yang: --max-line-len=70 /home/oreo/works/repo/build-xpon/workspace/sources/netconf-polt/../xpon-yang/yang/common/vecima-device.yang -p '/home/oreo/works/repo/build-xpon/workspace/sources/netconf-polt/../xpon-yang/yang/exs1610/internal:/home/oreo/works/repo/build-xpon/workspace/sources/netconf-polt/../xpon-yang/yang/common:/home/oreo/works/repo/build-xpon/workspace/sources/netconf-polt/../xpon-yang/yang/exs1610:/home/oreo/works/repo/build-xpon/workspace/sources/netconf-polt/../xpon-yang/yang/exs1610/onus'
Install common/vecima-device.yang
'/home/oreo/works/repo/build-xpon/workspace/sources/netconf-polt/.local/runtime/usr/bin/sysrepoctl' -i /home/oreo/works/repo/build-xpon/workspace/sources/netconf-polt/../xpon-yang/yang/common/vecima-device.yang -s '/home/oreo/works/repo/build-xpon/workspace/sources/netconf-polt/../xpon-yang/yang/exs1610/internal:/home/oreo/works/repo/build-xpon/workspace/sources/netconf-polt/../xpon-yang/yang/common:/home/oreo/works/repo/build-xpon/workspace/sources/netconf-polt/../xpon-yang/yang/exs1610:/home/oreo/works/repo/build-xpon/workspace/sources/netconf-polt/../xpon-yang/yang/exs1610/onus' -p '600' -v3
[INF] Connection 8 created.
[INF] Module "vecima-device" was installed.
[INF] File "vecima-device@2023-03-13.yang" was installed.
[INF] Connection 8 destroyed.
Install exs1610/iana-crypt-hash.yang
'/home/oreo/works/repo/build-xpon/workspace/sources/netconf-polt/.local/runtime/usr/bin/sysrepoctl' -i /home/oreo/works/repo/build-xpon/workspace/sources/netconf-polt/../xpon-yang/yang/exs1610/iana-crypt-hash.yang -s '/home/oreo/works/repo/build-xpon/workspace/sources/netconf-polt/../xpon-yang/yang/exs1610/internal:/home/oreo/works/repo/build-xpon/workspace/sources/netconf-polt/../xpon-yang/yang/common:/home/oreo/works/repo/build-xpon/workspace/sources/netconf-polt/../xpon-yang/yang/exs1610:/home/oreo/works/repo/build-xpon/workspace/sources/netconf-polt/../xpon-yang/yang/exs1610/onus' -p '600' -v3
[INF] Connection 10 created.
[INF] Module "iana-crypt-hash" was installed.
[INF] File "iana-crypt-hash@2014-08-06.yang" was installed.
[INF] Connection 10 destroyed.
Install exs1610/bbf-device-types.yang
'/home/oreo/works/repo/build-xpon/workspace/sources/netconf-polt/.local/runtime/usr/bin/sysrepoctl' -i /home/oreo/works/repo/build-xpon/workspace/sources/netconf-polt/../xpon-yang/yang/exs1610/bbf-device-types.yang -s '/home/oreo/works/repo/build-xpon/workspace/sources/netconf-polt/../xpon-yang/yang/exs1610/internal:/home/oreo/works/repo/build-xpon/workspace/sources/netconf-polt/../xpon-yang/yang/common:/home/oreo/works/repo/build-xpon/workspace/sources/netconf-polt/../xpon-yang/yang/exs1610:/home/oreo/works/repo/build-xpon/workspace/sources/netconf-polt/../xpon-yang/yang/exs1610/onus' -p '600' -v3
[INF] Connection 12 created.
[INF] Module "bbf-device-types" was installed.
[INF] File "bbf-device-types@2021-06-02.yang" was installed.
[INF] Connection 12 destroyed.
Install exs1610/bbf-dot1q-types.yang
'/home/oreo/works/repo/build-xpon/workspace/sources/netconf-polt/.local/runtime/usr/bin/sysrepoctl' -i /home/oreo/works/repo/build-xpon/workspace/sources/netconf-polt/../xpon-yang/yang/exs1610/bbf-dot1q-types.yang -s '/home/oreo/works/repo/build-xpon/workspace/sources/netconf-polt/../xpon-yang/yang/exs1610/internal:/home/oreo/works/repo/build-xpon/workspace/sources/netconf-polt/../xpon-yang/yang/common:/home/oreo/works/repo/build-xpon/workspace/sources/netconf-polt/../xpon-yang/yang/exs1610:/home/oreo/works/repo/build-xpon/workspace/sources/netconf-polt/../xpon-yang/yang/exs1610/onus' -p '600' -v3
[INF] Connection 14 created.
[INF] Module "bbf-dot1q-types" was installed.
[INF] File "bbf-dot1q-types@2021-06-02.yang" was installed.
[INF] Connection 14 destroyed.
Install exs1610/bbf-frame-classification.yang
'/home/oreo/works/repo/build-xpon/workspace/sources/netconf-polt/.local/runtime/usr/bin/sysrepoctl' -i /home/oreo/works/repo/build-xpon/workspace/sources/netconf-polt/../xpon-yang/yang/exs1610/bbf-frame-classification.yang -s '/home/oreo/works/repo/build-xpon/workspace/sources/netconf-polt/../xpon-yang/yang/exs1610/internal:/home/oreo/works/repo/build-xpon/workspace/sources/netconf-polt/../xpon-yang/yang/common:/home/oreo/works/repo/build-xpon/workspace/sources/netconf-polt/../xpon-yang/yang/exs1610:/home/oreo/works/repo/build-xpon/workspace/sources/netconf-polt/../xpon-yang/yang/exs1610/onus' -p '600' -v3
[INF] Connection 16 created.
[INF] Module "bbf-frame-classification" was installed.
[INF] File "bbf-frame-classification@2023-12-15.yang" was installed.
[INF] File "bbf-yang-types@2024-11-11.yang" was installed.
[INF] File "bbf-inet-types@2020-10-13.yang" was installed.
[INF] File "bbf-frame-processing-types@2023-03-07.yang" was installed.
[INF] Connection 16 destroyed.
Install exs1610/bbf-frame-processing-profiles.yang
'/home/oreo/works/repo/build-xpon/workspace/sources/netconf-polt/.local/runtime/usr/bin/sysrepoctl' -i /home/oreo/works/repo/build-xpon/workspace/sources/netconf-polt/../xpon-yang/yang/exs1610/bbf-frame-processing-profiles.yang -s '/home/oreo/works/repo/build-xpon/workspace/sources/netconf-polt/../xpon-yang/yang/exs1610/internal:/home/oreo/works/repo/build-xpon/workspace/sources/netconf-polt/../xpon-yang/yang/common:/home/oreo/works/repo/build-xpon/workspace/sources/netconf-polt/../xpon-yang/yang/exs1610:/home/oreo/works/repo/build-xpon/workspace/sources/netconf-polt/../xpon-yang/yang/exs1610/onus' -p '600' -v3
[INF] Connection 18 created.
[INF] Module "bbf-frame-processing-profiles" was installed.
[INF] Dependency module "ietf-interfaces" was installed.
[INF] Dependency module "bbf-sub-interfaces" was installed.
[INF] File "bbf-frame-processing-profiles@2022-03-01.yang" was installed.
[INF] File "ietf-interfaces@2018-02-20.yang" was installed.
[INF] File "bbf-sub-interfaces@2021-06-02.yang" was installed.
[INF] File "bbf-if-type@2020-10-13.yang" was installed.
[INF] File "iana-if-type@2017-03-30.yang" was installed.
[INF] File "bbf-sub-interface-tagging@2022-03-01.yang" was installed.
[INF] File "bbf-qos-classifiers@2022-03-01.yang" was installed.
[INF] File "bbf-qos-types@2023-03-07.yang" was installed.
[INF] Connection 18 destroyed.
Install exs1610/bbf-hardware.yang -e interface-hardware-management -e additional-hardware-configuration -e model-name-configuration -e interface-hardware-reference -e hardware-component-reset
'/home/oreo/works/repo/build-xpon/workspace/sources/netconf-polt/.local/runtime/usr/bin/sysrepoctl' -i /home/oreo/works/repo/build-xpon/workspace/sources/netconf-polt/../xpon-yang/yang/exs1610/bbf-hardware.yang -e interface-hardware-management -e additional-hardware-configuration -e model-name-configuration -e interface-hardware-reference -e hardware-component-reset -s '/home/oreo/works/repo/build-xpon/workspace/sources/netconf-polt/../xpon-yang/yang/exs1610/internal:/home/oreo/works/repo/build-xpon/workspace/sources/netconf-polt/../xpon-yang/yang/common:/home/oreo/works/repo/build-xpon/workspace/sources/netconf-polt/../xpon-yang/yang/exs1610:/home/oreo/works/repo/build-xpon/workspace/sources/netconf-polt/../xpon-yang/yang/exs1610/onus' -p '600' -v3
[INF] Connection 20 created.
[INF] Module "bbf-hardware" was installed.
[INF] Dependency module "ietf-hardware" was installed.
[INF] File "bbf-hardware@2022-03-01.yang" was installed.
[INF] File "iana-hardware@2018-03-13.yang" was installed.
[INF] File "ietf-hardware@2018-03-13.yang" was installed.
[INF] Connection 20 destroyed.
Install exs1610/bbf-hardware-transceivers.yang -e optical-power-and-sensitivity-in-dbm
'/home/oreo/works/repo/build-xpon/workspace/sources/netconf-polt/.local/runtime/usr/bin/sysrepoctl' -i /home/oreo/works/repo/build-xpon/workspace/sources/netconf-polt/../xpon-yang/yang/exs1610/bbf-hardware-transceivers.yang -e optical-power-and-sensitivity-in-dbm -s '/home/oreo/works/repo/build-xpon/workspace/sources/netconf-polt/../xpon-yang/yang/exs1610/internal:/home/oreo/works/repo/build-xpon/workspace/sources/netconf-polt/../xpon-yang/yang/common:/home/oreo/works/repo/build-xpon/workspace/sources/netconf-polt/../xpon-yang/yang/exs1610:/home/oreo/works/repo/build-xpon/workspace/sources/netconf-polt/../xpon-yang/yang/exs1610/onus' -p '600' -v3
[INF] Connection 22 created.
[INF] Module "bbf-hardware-transceivers" was installed.
[INF] File "bbf-hardware-transceivers@2023-03-07.yang" was installed.
[INF] File "bbf-hardware-types@2022-03-01.yang" was installed.
[INF] Connection 22 destroyed.
Install exs1610/bbf-hardware-transceivers-xpon.yang
'/home/oreo/works/repo/build-xpon/workspace/sources/netconf-polt/.local/runtime/usr/bin/sysrepoctl' -i /home/oreo/works/repo/build-xpon/workspace/sources/netconf-polt/../xpon-yang/yang/exs1610/bbf-hardware-transceivers-xpon.yang -s '/home/oreo/works/repo/build-xpon/workspace/sources/netconf-polt/../xpon-yang/yang/exs1610/internal:/home/oreo/works/repo/build-xpon/workspace/sources/netconf-polt/../xpon-yang/yang/common:/home/oreo/works/repo/build-xpon/workspace/sources/netconf-polt/../xpon-yang/yang/exs1610:/home/oreo/works/repo/build-xpon/workspace/sources/netconf-polt/../xpon-yang/yang/exs1610/onus' -p '600' -v3
[INF] Connection 24 created.
[INF] Module "bbf-hardware-transceivers-xpon" was installed.
[INF] File "bbf-hardware-transceivers-xpon@2020-10-13.yang" was installed.
[INF] File "bbf-xpon-types@2025-02-15.yang" was installed.
[INF] Connection 24 destroyed.
Install exs1610/bbf-hardware-types.yang -e xpon-nt
'/home/oreo/works/repo/build-xpon/workspace/sources/netconf-polt/.local/runtime/usr/bin/sysrepoctl' -i /home/oreo/works/repo/build-xpon/workspace/sources/netconf-polt/../xpon-yang/yang/exs1610/bbf-hardware-types.yang -e xpon-nt -s '/home/oreo/works/repo/build-xpon/workspace/sources/netconf-polt/../xpon-yang/yang/exs1610/internal:/home/oreo/works/repo/build-xpon/workspace/sources/netconf-polt/../xpon-yang/yang/common:/home/oreo/works/repo/build-xpon/workspace/sources/netconf-polt/../xpon-yang/yang/exs1610:/home/oreo/works/repo/build-xpon/workspace/sources/netconf-polt/../xpon-yang/yang/exs1610/onus' -p '600' -v3
[INF] Connection 26 created.
[INF] Module "bbf-hardware-types" was installed.
[INF] Connection 26 destroyed.
Install exs1610/bbf-if-type.yang
'/home/oreo/works/repo/build-xpon/workspace/sources/netconf-polt/.local/runtime/usr/bin/sysrepoctl' -i /home/oreo/works/repo/build-xpon/workspace/sources/netconf-polt/../xpon-yang/yang/exs1610/bbf-if-type.yang -s '/home/oreo/works/repo/build-xpon/workspace/sources/netconf-polt/../xpon-yang/yang/exs1610/internal:/home/oreo/works/repo/build-xpon/workspace/sources/netconf-polt/../xpon-yang/yang/common:/home/oreo/works/repo/build-xpon/workspace/sources/netconf-polt/../xpon-yang/yang/exs1610:/home/oreo/works/repo/build-xpon/workspace/sources/netconf-polt/../xpon-yang/yang/exs1610/onus' -p '600' -v3
[INF] Connection 28 created.
[INF] Module "bbf-if-type" was installed.
[INF] Connection 28 destroyed.
Install exs1610/bbf-inet-types.yang
'/home/oreo/works/repo/build-xpon/workspace/sources/netconf-polt/.local/runtime/usr/bin/sysrepoctl' -i /home/oreo/works/repo/build-xpon/workspace/sources/netconf-polt/../xpon-yang/yang/exs1610/bbf-inet-types.yang -s '/home/oreo/works/repo/build-xpon/workspace/sources/netconf-polt/../xpon-yang/yang/exs1610/internal:/home/oreo/works/repo/build-xpon/workspace/sources/netconf-polt/../xpon-yang/yang/common:/home/oreo/works/repo/build-xpon/workspace/sources/netconf-polt/../xpon-yang/yang/exs1610:/home/oreo/works/repo/build-xpon/workspace/sources/netconf-polt/../xpon-yang/yang/exs1610/onus' -p '600' -v3
[INF] Connection 30 created.
[INF] Module "bbf-inet-types" was installed.
[INF] Connection 30 destroyed.
Install exs1610/bbf-interface-usage.yang
'/home/oreo/works/repo/build-xpon/workspace/sources/netconf-polt/.local/runtime/usr/bin/sysrepoctl' -i /home/oreo/works/repo/build-xpon/workspace/sources/netconf-polt/../xpon-yang/yang/exs1610/bbf-interface-usage.yang -s '/home/oreo/works/repo/build-xpon/workspace/sources/netconf-polt/../xpon-yang/yang/exs1610/internal:/home/oreo/works/repo/build-xpon/workspace/sources/netconf-polt/../xpon-yang/yang/common:/home/oreo/works/repo/build-xpon/workspace/sources/netconf-polt/../xpon-yang/yang/exs1610:/home/oreo/works/repo/build-xpon/workspace/sources/netconf-polt/../xpon-yang/yang/exs1610/onus' -p '600' -v3
[INF] Connection 32 created.
[INF] Module "bbf-interface-usage" was installed.
[INF] File "bbf-interface-usage@2022-03-01.yang" was installed.
[INF] Connection 32 destroyed.
Install exs1610/bbf-interfaces-performance-management.yang
'/home/oreo/works/repo/build-xpon/workspace/sources/netconf-polt/.local/runtime/usr/bin/sysrepoctl' -i /home/oreo/works/repo/build-xpon/workspace/sources/netconf-polt/../xpon-yang/yang/exs1610/bbf-interfaces-performance-management.yang -s '/home/oreo/works/repo/build-xpon/workspace/sources/netconf-polt/../xpon-yang/yang/exs1610/internal:/home/oreo/works/repo/build-xpon/workspace/sources/netconf-polt/../xpon-yang/yang/common:/home/oreo/works/repo/build-xpon/workspace/sources/netconf-polt/../xpon-yang/yang/exs1610:/home/oreo/works/repo/build-xpon/workspace/sources/netconf-polt/../xpon-yang/yang/exs1610/onus' -p '600' -v3
[INF] Connection 34 created.
[INF] Module "bbf-interfaces-performance-management" was installed.
[INF] File "bbf-interfaces-performance-management@2022-03-01.yang" was installed.
[INF] Connection 34 destroyed.
Install exs1610/bbf-l2-dhcpv4-relay.yang
'/home/oreo/works/repo/build-xpon/workspace/sources/netconf-polt/.local/runtime/usr/bin/sysrepoctl' -i /home/oreo/works/repo/build-xpon/workspace/sources/netconf-polt/../xpon-yang/yang/exs1610/bbf-l2-dhcpv4-relay.yang -s '/home/oreo/works/repo/build-xpon/workspace/sources/netconf-polt/../xpon-yang/yang/exs1610/internal:/home/oreo/works/repo/build-xpon/workspace/sources/netconf-polt/../xpon-yang/yang/common:/home/oreo/works/repo/build-xpon/workspace/sources/netconf-polt/../xpon-yang/yang/exs1610:/home/oreo/works/repo/build-xpon/workspace/sources/netconf-polt/../xpon-yang/yang/exs1610/onus' -p '600' -v3
[INF] Connection 36 created.
[INF] Module "bbf-l2-dhcpv4-relay" was installed.
[INF] File "bbf-l2-dhcpv4-relay@2022-03-01.yang" was installed.
[INF] File "bbf-subscriber-types@2020-10-13.yang" was installed.
[INF] Connection 36 destroyed.
Install exs1610/bbf-l2-dhcpv4-relay-forwarding.yang
'/home/oreo/works/repo/build-xpon/workspace/sources/netconf-polt/.local/runtime/usr/bin/sysrepoctl' -i /home/oreo/works/repo/build-xpon/workspace/sources/netconf-polt/../xpon-yang/yang/exs1610/bbf-l2-dhcpv4-relay-forwarding.yang -s '/home/oreo/works/repo/build-xpon/workspace/sources/netconf-polt/../xpon-yang/yang/exs1610/internal:/home/oreo/works/repo/build-xpon/workspace/sources/netconf-polt/../xpon-yang/yang/common:/home/oreo/works/repo/build-xpon/workspace/sources/netconf-polt/../xpon-yang/yang/exs1610:/home/oreo/works/repo/build-xpon/workspace/sources/netconf-polt/../xpon-yang/yang/exs1610/onus' -p '600' -v3
[INF] Connection 38 created.
[INF] Module "bbf-l2-dhcpv4-relay-forwarding" was installed.
[INF] Dependency module "bbf-l2-forwarding" was installed.
[INF] File "bbf-l2-dhcpv4-relay-forwarding@2022-03-01.yang" was installed.
[INF] File "bbf-l2-forwarding@2022-03-01.yang" was installed.
[INF] File "bbf-l2-forwarding-base@2020-10-13.yang" was installed.
[INF] File "bbf-l2-forwarding-flooding-policies@2020-10-13.yang" was installed.
[INF] File "bbf-l2-forwarding-forwarders@2022-03-01.yang" was installed.
[INF] File "bbf-l2-forwarding-forwarding-databases@2020-10-13.yang" was installed.
[INF] File "bbf-l2-forwarding-mac-learning@2020-10-13.yang" was installed.
[INF] File "bbf-l2-forwarding-split-horizon-profiles@2020-10-13.yang" was installed.
[INF] File "bbf-l2-forwarding-mac-learning-control@2020-10-13.yang" was installed.
[INF] Connection 38 destroyed.
Install exs1610/bbf-ldra.yang
'/home/oreo/works/repo/build-xpon/workspace/sources/netconf-polt/.local/runtime/usr/bin/sysrepoctl' -i /home/oreo/works/repo/build-xpon/workspace/sources/netconf-polt/../xpon-yang/yang/exs1610/bbf-ldra.yang -s '/home/oreo/works/repo/build-xpon/workspace/sources/netconf-polt/../xpon-yang/yang/exs1610/internal:/home/oreo/works/repo/build-xpon/workspace/sources/netconf-polt/../xpon-yang/yang/common:/home/oreo/works/repo/build-xpon/workspace/sources/netconf-polt/../xpon-yang/yang/exs1610:/home/oreo/works/repo/build-xpon/workspace/sources/netconf-polt/../xpon-yang/yang/exs1610/onus' -p '600' -v3
[INF] Connection 40 created.
[INF] Module "bbf-ldra" was installed.
[INF] File "bbf-ldra@2023-12-15.yang" was installed.
[INF] File "bbf-ldra-profile-common@2024-11-11.yang" was installed.
[INF] Connection 40 destroyed.
Install exs1610/bbf-ldra-profile-common.yang
'/home/oreo/works/repo/build-xpon/workspace/sources/netconf-polt/.local/runtime/usr/bin/sysrepoctl' -i /home/oreo/works/repo/build-xpon/workspace/sources/netconf-polt/../xpon-yang/yang/exs1610/bbf-ldra-profile-common.yang -s '/home/oreo/works/repo/build-xpon/workspace/sources/netconf-polt/../xpon-yang/yang/exs1610/internal:/home/oreo/works/repo/build-xpon/workspace/sources/netconf-polt/../xpon-yang/yang/common:/home/oreo/works/repo/build-xpon/workspace/sources/netconf-polt/../xpon-yang/yang/exs1610:/home/oreo/works/repo/build-xpon/workspace/sources/netconf-polt/../xpon-yang/yang/exs1610/onus' -p '600' -v3
[INF] Connection 42 created.
[INF] Module "bbf-ldra-profile-common" was installed.
[INF] Connection 42 destroyed.
installed features:                                                                                                                                                 
defined features: bbf-l2-forwarding.yang -e forwarding-databases -e shared-forwarding-databases -e mac-learning -e split-horizon-profiles -e flooding-policies-profiles -e flooding-policies -e forwarding-databases -e shared-forwarding-databases -e mac-learning -e split-horizon-profiles -e flooding-policies-profiles -e flooding-policies
Enable features bbf-l2-forwarding forwarding-databases
[INF] Connection 44 created.
[INF] Module "bbf-l2-forwarding" feature "forwarding-databases" enabled.
[INF] Connection 44 destroyed.
Enable features bbf-l2-forwarding shared-forwarding-databases
[INF] Connection 45 created.
[INF] Module "bbf-l2-forwarding" feature "shared-forwarding-databases" enabled.
[INF] Connection 45 destroyed.
Enable features bbf-l2-forwarding mac-learning
[INF] Connection 46 created.
[INF] Module "bbf-l2-forwarding" feature "mac-learning" enabled.
[INF] Connection 46 destroyed.
Enable features bbf-l2-forwarding split-horizon-profiles
[INF] Connection 47 created.
[INF] Module "bbf-l2-forwarding" feature "split-horizon-profiles" enabled.
[INF] Connection 47 destroyed.
Enable features bbf-l2-forwarding flooding-policies-profiles
[INF] Connection 48 created.
[INF] Module "bbf-l2-forwarding" feature "flooding-policies-profiles" enabled.
[INF] Connection 48 destroyed.
Enable features bbf-l2-forwarding flooding-policies
[INF] Connection 49 created.
[INF] Module "bbf-l2-forwarding" feature "flooding-policies" enabled.
[INF] Connection 49 destroyed.
Install exs1610/bbf-l2-forwarding-shared-fdb.yang
'/home/oreo/works/repo/build-xpon/workspace/sources/netconf-polt/.local/runtime/usr/bin/sysrepoctl' -i /home/oreo/works/repo/build-xpon/workspace/sources/netconf-polt/../xpon-yang/yang/exs1610/bbf-l2-forwarding-shared-fdb.yang -s '/home/oreo/works/repo/build-xpon/workspace/sources/netconf-polt/../xpon-yang/yang/exs1610/internal:/home/oreo/works/repo/build-xpon/workspace/sources/netconf-polt/../xpon-yang/yang/common:/home/oreo/works/repo/build-xpon/workspace/sources/netconf-polt/../xpon-yang/yang/exs1610:/home/oreo/works/repo/build-xpon/workspace/sources/netconf-polt/../xpon-yang/yang/exs1610/onus' -p '600' -v3
[INF] Connection 51 created.
[INF] Module "bbf-l2-forwarding-shared-fdb" was installed.
[INF] File "bbf-l2-forwarding-shared-fdb@2022-03-01.yang" was installed.
[INF] Connection 51 destroyed.
Install exs1610/bbf-l2-terminations.yang
'/home/oreo/works/repo/build-xpon/workspace/sources/netconf-polt/.local/runtime/usr/bin/sysrepoctl' -i /home/oreo/works/repo/build-xpon/workspace/sources/netconf-polt/../xpon-yang/yang/exs1610/bbf-l2-terminations.yang -s '/home/oreo/works/repo/build-xpon/workspace/sources/netconf-polt/../xpon-yang/yang/exs1610/internal:/home/oreo/works/repo/build-xpon/workspace/sources/netconf-polt/../xpon-yang/yang/common:/home/oreo/works/repo/build-xpon/workspace/sources/netconf-polt/../xpon-yang/yang/exs1610:/home/oreo/works/repo/build-xpon/workspace/sources/netconf-polt/../xpon-yang/yang/exs1610/onus' -p '600' -v3
[INF] Connection 53 created.
[INF] Module "bbf-l2-terminations" was installed.
[INF] File "bbf-l2-terminations@2022-03-01.yang" was installed.
[INF] Connection 53 destroyed.
Install exs1610/bbf-link-table.yang
'/home/oreo/works/repo/build-xpon/workspace/sources/netconf-polt/.local/runtime/usr/bin/sysrepoctl' -i /home/oreo/works/repo/build-xpon/workspace/sources/netconf-polt/../xpon-yang/yang/exs1610/bbf-link-table.yang -s '/home/oreo/works/repo/build-xpon/workspace/sources/netconf-polt/../xpon-yang/yang/exs1610/internal:/home/oreo/works/repo/build-xpon/workspace/sources/netconf-polt/../xpon-yang/yang/common:/home/oreo/works/repo/build-xpon/workspace/sources/netconf-polt/../xpon-yang/yang/exs1610:/home/oreo/works/repo/build-xpon/workspace/sources/netconf-polt/../xpon-yang/yang/exs1610/onus' -p '600' -v3
[INF] Connection 55 created.
[INF] Module "bbf-link-table" was installed.
[INF] File "bbf-link-table@2020-10-13.yang" was installed.
[INF] Connection 55 destroyed.
Install exs1610/bbf-omci-message-retransmission.yang
'/home/oreo/works/repo/build-xpon/workspace/sources/netconf-polt/.local/runtime/usr/bin/sysrepoctl' -i /home/oreo/works/repo/build-xpon/workspace/sources/netconf-polt/../xpon-yang/yang/exs1610/bbf-omci-message-retransmission.yang -s '/home/oreo/works/repo/build-xpon/workspace/sources/netconf-polt/../xpon-yang/yang/exs1610/internal:/home/oreo/works/repo/build-xpon/workspace/sources/netconf-polt/../xpon-yang/yang/common:/home/oreo/works/repo/build-xpon/workspace/sources/netconf-polt/../xpon-yang/yang/exs1610:/home/oreo/works/repo/build-xpon/workspace/sources/netconf-polt/../xpon-yang/yang/exs1610/onus' -p '600' -v3
[INF] Connection 57 created.
[INF] Module "bbf-omci-message-retransmission" was installed.
[INF] File "bbf-omci-message-retransmission@2021-02-07.yang" was installed.
[INF] Connection 57 destroyed.
Install exs1610/bbf-qos-classifiers.yang
'/home/oreo/works/repo/build-xpon/workspace/sources/netconf-polt/.local/runtime/usr/bin/sysrepoctl' -i /home/oreo/works/repo/build-xpon/workspace/sources/netconf-polt/../xpon-yang/yang/exs1610/bbf-qos-classifiers.yang -s '/home/oreo/works/repo/build-xpon/workspace/sources/netconf-polt/../xpon-yang/yang/exs1610/internal:/home/oreo/works/repo/build-xpon/workspace/sources/netconf-polt/../xpon-yang/yang/common:/home/oreo/works/repo/build-xpon/workspace/sources/netconf-polt/../xpon-yang/yang/exs1610:/home/oreo/works/repo/build-xpon/workspace/sources/netconf-polt/../xpon-yang/yang/exs1610/onus' -p '600' -v3
[INF] Connection 59 created.
[INF] Module "bbf-qos-classifiers" was installed.
[INF] Connection 59 destroyed.
Install exs1610/bbf-qos-composite-filters.yang -e match-on-common-ip-header-fields
'/home/oreo/works/repo/build-xpon/workspace/sources/netconf-polt/.local/runtime/usr/bin/sysrepoctl' -i /home/oreo/works/repo/build-xpon/workspace/sources/netconf-polt/../xpon-yang/yang/exs1610/bbf-qos-composite-filters.yang -e match-on-common-ip-header-fields -s '/home/oreo/works/repo/build-xpon/workspace/sources/netconf-polt/../xpon-yang/yang/exs1610/internal:/home/oreo/works/repo/build-xpon/workspace/sources/netconf-polt/../xpon-yang/yang/common:/home/oreo/works/repo/build-xpon/workspace/sources/netconf-polt/../xpon-yang/yang/exs1610:/home/oreo/works/repo/build-xpon/workspace/sources/netconf-polt/../xpon-yang/yang/exs1610/onus' -p '600' -v3
[INF] Connection 61 created.
[INF] Module "bbf-qos-composite-filters" was installed.
[INF] File "bbf-qos-composite-filters@2022-03-01.yang" was installed.
[INF] File "ietf-packet-fields@2019-03-04.yang" was installed.
[INF] File "ietf-ethertypes@2019-03-04.yang" was installed.
[INF] Connection 61 destroyed.
Install exs1610/bbf-qos-enhanced-scheduling.yang
'/home/oreo/works/repo/build-xpon/workspace/sources/netconf-polt/.local/runtime/usr/bin/sysrepoctl' -i /home/oreo/works/repo/build-xpon/workspace/sources/netconf-polt/../xpon-yang/yang/exs1610/bbf-qos-enhanced-scheduling.yang -s '/home/oreo/works/repo/build-xpon/workspace/sources/netconf-polt/../xpon-yang/yang/exs1610/internal:/home/oreo/works/repo/build-xpon/workspace/sources/netconf-polt/../xpon-yang/yang/common:/home/oreo/works/repo/build-xpon/workspace/sources/netconf-polt/../xpon-yang/yang/exs1610:/home/oreo/works/repo/build-xpon/workspace/sources/netconf-polt/../xpon-yang/yang/exs1610/onus' -p '600' -v3
[INF] Connection 63 created.
[INF] Module "bbf-qos-enhanced-scheduling" was installed.
[INF] Dependency module "bbf-qos-traffic-mngt" was installed.
[INF] Dependency module "bbf-qos-shaping" was installed.
[INF] File "bbf-qos-enhanced-scheduling@2022-03-01.yang" was installed.
[INF] File "bbf-qos-traffic-mngt@2022-03-01.yang" was installed.
[INF] File "bbf-qos-shaping@2021-06-02.yang" was installed.
[INF] Connection 63 destroyed.
Install exs1610/bbf-qos-enhanced-scheduling-state.yang
'/home/oreo/works/repo/build-xpon/workspace/sources/netconf-polt/.local/runtime/usr/bin/sysrepoctl' -i /home/oreo/works/repo/build-xpon/workspace/sources/netconf-polt/../xpon-yang/yang/exs1610/bbf-qos-enhanced-scheduling-state.yang -s '/home/oreo/works/repo/build-xpon/workspace/sources/netconf-polt/../xpon-yang/yang/exs1610/internal:/home/oreo/works/repo/build-xpon/workspace/sources/netconf-polt/../xpon-yang/yang/common:/home/oreo/works/repo/build-xpon/workspace/sources/netconf-polt/../xpon-yang/yang/exs1610:/home/oreo/works/repo/build-xpon/workspace/sources/netconf-polt/../xpon-yang/yang/exs1610/onus' -p '600' -v3
[INF] Connection 65 created.
[INF] Module "bbf-qos-enhanced-scheduling-state" was installed.
[INF] Dependency module "bbf-qos-traffic-mngt-state" was installed.
[INF] File "bbf-qos-enhanced-scheduling-state@2021-06-02.yang" was installed.
[INF] File "bbf-qos-traffic-mngt-state@2021-06-02.yang" was installed.
[INF] Connection 65 destroyed.
Install exs1610/bbf-qos-filters.yang
'/home/oreo/works/repo/build-xpon/workspace/sources/netconf-polt/.local/runtime/usr/bin/sysrepoctl' -i /home/oreo/works/repo/build-xpon/workspace/sources/netconf-polt/../xpon-yang/yang/exs1610/bbf-qos-filters.yang -s '/home/oreo/works/repo/build-xpon/workspace/sources/netconf-polt/../xpon-yang/yang/exs1610/internal:/home/oreo/works/repo/build-xpon/workspace/sources/netconf-polt/../xpon-yang/yang/common:/home/oreo/works/repo/build-xpon/workspace/sources/netconf-polt/../xpon-yang/yang/exs1610:/home/oreo/works/repo/build-xpon/workspace/sources/netconf-polt/../xpon-yang/yang/exs1610/onus' -p '600' -v3
[INF] Connection 67 created.
[INF] Module "bbf-qos-filters" was installed.
[INF] File "bbf-qos-filters@2021-06-02.yang" was installed.
[INF] Connection 67 destroyed.
Install exs1610/bbf-qos-policer-envelope-profiles.yang
'/home/oreo/works/repo/build-xpon/workspace/sources/netconf-polt/.local/runtime/usr/bin/sysrepoctl' -i /home/oreo/works/repo/build-xpon/workspace/sources/netconf-polt/../xpon-yang/yang/exs1610/bbf-qos-policer-envelope-profiles.yang -s '/home/oreo/works/repo/build-xpon/workspace/sources/netconf-polt/../xpon-yang/yang/exs1610/internal:/home/oreo/works/repo/build-xpon/workspace/sources/netconf-polt/../xpon-yang/yang/common:/home/oreo/works/repo/build-xpon/workspace/sources/netconf-polt/../xpon-yang/yang/exs1610:/home/oreo/works/repo/build-xpon/workspace/sources/netconf-polt/../xpon-yang/yang/exs1610/onus' -p '600' -v3
[INF] Connection 69 created.
[INF] Module "bbf-qos-policer-envelope-profiles" was installed.
[INF] File "bbf-qos-policer-envelope-profiles@2021-06-02.yang" was installed.
[INF] File "bbf-qos-policing-types@2021-06-02.yang" was installed.
[INF] Connection 69 destroyed.
Install exs1610/bbf-qos-policies.yang
'/home/oreo/works/repo/build-xpon/workspace/sources/netconf-polt/.local/runtime/usr/bin/sysrepoctl' -i /home/oreo/works/repo/build-xpon/workspace/sources/netconf-polt/../xpon-yang/yang/exs1610/bbf-qos-policies.yang -s '/home/oreo/works/repo/build-xpon/workspace/sources/netconf-polt/../xpon-yang/yang/exs1610/internal:/home/oreo/works/repo/build-xpon/workspace/sources/netconf-polt/../xpon-yang/yang/common:/home/oreo/works/repo/build-xpon/workspace/sources/netconf-polt/../xpon-yang/yang/exs1610:/home/oreo/works/repo/build-xpon/workspace/sources/netconf-polt/../xpon-yang/yang/exs1610/onus' -p '600' -v3
[INF] Connection 71 created.
[INF] Module "bbf-qos-policies" was installed.
[INF] File "bbf-qos-policies@2022-03-01.yang" was installed.
[INF] Connection 71 destroyed.
Install exs1610/bbf-qos-policies-state.yang
'/home/oreo/works/repo/build-xpon/workspace/sources/netconf-polt/.local/runtime/usr/bin/sysrepoctl' -i /home/oreo/works/repo/build-xpon/workspace/sources/netconf-polt/../xpon-yang/yang/exs1610/bbf-qos-policies-state.yang -s '/home/oreo/works/repo/build-xpon/workspace/sources/netconf-polt/../xpon-yang/yang/exs1610/internal:/home/oreo/works/repo/build-xpon/workspace/sources/netconf-polt/../xpon-yang/yang/common:/home/oreo/works/repo/build-xpon/workspace/sources/netconf-polt/../xpon-yang/yang/exs1610:/home/oreo/works/repo/build-xpon/workspace/sources/netconf-polt/../xpon-yang/yang/exs1610/onus' -p '600' -v3
[INF] Connection 73 created.
[INF] Module "bbf-qos-policies-state" was installed.
[INF] File "bbf-qos-policies-state@2021-06-02.yang" was installed.
[INF] Connection 73 destroyed.
Install exs1610/bbf-qos-policies-sub-interface-rewrite.yang
'/home/oreo/works/repo/build-xpon/workspace/sources/netconf-polt/.local/runtime/usr/bin/sysrepoctl' -i /home/oreo/works/repo/build-xpon/workspace/sources/netconf-polt/../xpon-yang/yang/exs1610/bbf-qos-policies-sub-interface-rewrite.yang -s '/home/oreo/works/repo/build-xpon/workspace/sources/netconf-polt/../xpon-yang/yang/exs1610/internal:/home/oreo/works/repo/build-xpon/workspace/sources/netconf-polt/../xpon-yang/yang/common:/home/oreo/works/repo/build-xpon/workspace/sources/netconf-polt/../xpon-yang/yang/exs1610:/home/oreo/works/repo/build-xpon/workspace/sources/netconf-polt/../xpon-yang/yang/exs1610/onus' -p '600' -v3
[INF] Connection 75 created.
[INF] Module "bbf-qos-policies-sub-interface-rewrite" was installed.
[INF] File "bbf-qos-policies-sub-interface-rewrite@2022-03-01.yang" was installed.
[INF] Connection 75 destroyed.
Install exs1610/bbf-qos-policies-sub-interfaces.yang
'/home/oreo/works/repo/build-xpon/workspace/sources/netconf-polt/.local/runtime/usr/bin/sysrepoctl' -i /home/oreo/works/repo/build-xpon/workspace/sources/netconf-polt/../xpon-yang/yang/exs1610/bbf-qos-policies-sub-interfaces.yang -s '/home/oreo/works/repo/build-xpon/workspace/sources/netconf-polt/../xpon-yang/yang/exs1610/internal:/home/oreo/works/repo/build-xpon/workspace/sources/netconf-polt/../xpon-yang/yang/common:/home/oreo/works/repo/build-xpon/workspace/sources/netconf-polt/../xpon-yang/yang/exs1610:/home/oreo/works/repo/build-xpon/workspace/sources/netconf-polt/../xpon-yang/yang/exs1610/onus' -p '600' -v3
[INF] Connection 77 created.
[INF] Module "bbf-qos-policies-sub-interfaces" was installed.
[INF] Dependency module "bbf-sub-interface-tagging" was installed.
[INF] File "bbf-qos-policies-sub-interfaces@2021-06-02.yang" was installed.
[INF] Connection 77 destroyed.
Install exs1610/bbf-qos-policing.yang
'/home/oreo/works/repo/build-xpon/workspace/sources/netconf-polt/.local/runtime/usr/bin/sysrepoctl' -i /home/oreo/works/repo/build-xpon/workspace/sources/netconf-polt/../xpon-yang/yang/exs1610/bbf-qos-policing.yang -s '/home/oreo/works/repo/build-xpon/workspace/sources/netconf-polt/../xpon-yang/yang/exs1610/internal:/home/oreo/works/repo/build-xpon/workspace/sources/netconf-polt/../xpon-yang/yang/common:/home/oreo/works/repo/build-xpon/workspace/sources/netconf-polt/../xpon-yang/yang/exs1610:/home/oreo/works/repo/build-xpon/workspace/sources/netconf-polt/../xpon-yang/yang/exs1610/onus' -p '600' -v3
[INF] Connection 79 created.
[INF] Module "bbf-qos-policing" was installed.
[INF] File "bbf-qos-policing@2022-03-01.yang" was installed.
[INF] Connection 79 destroyed.
Install exs1610/bbf-qos-policing-state.yang
'/home/oreo/works/repo/build-xpon/workspace/sources/netconf-polt/.local/runtime/usr/bin/sysrepoctl' -i /home/oreo/works/repo/build-xpon/workspace/sources/netconf-polt/../xpon-yang/yang/exs1610/bbf-qos-policing-state.yang -s '/home/oreo/works/repo/build-xpon/workspace/sources/netconf-polt/../xpon-yang/yang/exs1610/internal:/home/oreo/works/repo/build-xpon/workspace/sources/netconf-polt/../xpon-yang/yang/common:/home/oreo/works/repo/build-xpon/workspace/sources/netconf-polt/../xpon-yang/yang/exs1610:/home/oreo/works/repo/build-xpon/workspace/sources/netconf-polt/../xpon-yang/yang/exs1610/onus' -p '600' -v3
[INF] Connection 81 created.
[INF] Module "bbf-qos-policing-state" was installed.
[INF] File "bbf-qos-policing-state@2021-06-02.yang" was installed.
[INF] Connection 81 destroyed.
Install exs1610/bbf-qos-policing-types.yang
'/home/oreo/works/repo/build-xpon/workspace/sources/netconf-polt/.local/runtime/usr/bin/sysrepoctl' -i /home/oreo/works/repo/build-xpon/workspace/sources/netconf-polt/../xpon-yang/yang/exs1610/bbf-qos-policing-types.yang -s '/home/oreo/works/repo/build-xpon/workspace/sources/netconf-polt/../xpon-yang/yang/exs1610/internal:/home/oreo/works/repo/build-xpon/workspace/sources/netconf-polt/../xpon-yang/yang/common:/home/oreo/works/repo/build-xpon/workspace/sources/netconf-polt/../xpon-yang/yang/exs1610:/home/oreo/works/repo/build-xpon/workspace/sources/netconf-polt/../xpon-yang/yang/exs1610/onus' -p '600' -v3
[INF] Connection 83 created.
[INF] Module "bbf-qos-policing-types" was installed.
[INF] Connection 83 destroyed.
Install exs1610/bbf-qos-rate-control.yang
'/home/oreo/works/repo/build-xpon/workspace/sources/netconf-polt/.local/runtime/usr/bin/sysrepoctl' -i /home/oreo/works/repo/build-xpon/workspace/sources/netconf-polt/../xpon-yang/yang/exs1610/bbf-qos-rate-control.yang -s '/home/oreo/works/repo/build-xpon/workspace/sources/netconf-polt/../xpon-yang/yang/exs1610/internal:/home/oreo/works/repo/build-xpon/workspace/sources/netconf-polt/../xpon-yang/yang/common:/home/oreo/works/repo/build-xpon/workspace/sources/netconf-polt/../xpon-yang/yang/exs1610:/home/oreo/works/repo/build-xpon/workspace/sources/netconf-polt/../xpon-yang/yang/exs1610/onus' -p '600' -v3
[INF] Connection 85 created.
[INF] Module "bbf-qos-rate-control" was installed.
[INF] File "bbf-qos-rate-control@2022-03-01.yang" was installed.
[INF] Connection 85 destroyed.
installed features:                                                                                                                                                 
defined features: bbf-qos-shaping.yang -e two-token-bucket-shaper -e two-token-bucket-shaper
Enable features bbf-qos-shaping two-token-bucket-shaper
[INF] Connection 87 created.
[INF] Module "bbf-qos-shaping" feature "two-token-bucket-shaper" enabled.
[INF] Connection 87 destroyed.
installed features:                                                                                                                                                 
defined features: bbf-qos-traffic-mngt.yang -e tc-id-2-queue-id-mapping-config -e tc-id-2-queue-id-mapping-config
Enable features bbf-qos-traffic-mngt tc-id-2-queue-id-mapping-config
[INF] Connection 89 created.
[INF] Module "bbf-qos-traffic-mngt" feature "tc-id-2-queue-id-mapping-config" enabled.
[INF] Connection 89 destroyed.
installed features:                                                                                                                                                 
defined features: bbf-qos-traffic-mngt-state.yang bbf-qos-traffic-mngt-state.yang
Install exs1610/bbf-qos-types.yang
'/home/oreo/works/repo/build-xpon/workspace/sources/netconf-polt/.local/runtime/usr/bin/sysrepoctl' -i /home/oreo/works/repo/build-xpon/workspace/sources/netconf-polt/../xpon-yang/yang/exs1610/bbf-qos-types.yang -s '/home/oreo/works/repo/build-xpon/workspace/sources/netconf-polt/../xpon-yang/yang/exs1610/internal:/home/oreo/works/repo/build-xpon/workspace/sources/netconf-polt/../xpon-yang/yang/common:/home/oreo/works/repo/build-xpon/workspace/sources/netconf-polt/../xpon-yang/yang/exs1610:/home/oreo/works/repo/build-xpon/workspace/sources/netconf-polt/../xpon-yang/yang/exs1610/onus' -p '600' -v3
[INF] Connection 92 created.
[INF] Module "bbf-qos-types" was installed.
[INF] Connection 92 destroyed.
Install exs1610/bbf-software-management.yang -e download-target-selection-by-system -e software-management-actions
'/home/oreo/works/repo/build-xpon/workspace/sources/netconf-polt/.local/runtime/usr/bin/sysrepoctl' -i /home/oreo/works/repo/build-xpon/workspace/sources/netconf-polt/../xpon-yang/yang/exs1610/bbf-software-management.yang -e download-target-selection-by-system -e software-management-actions -s '/home/oreo/works/repo/build-xpon/workspace/sources/netconf-polt/../xpon-yang/yang/exs1610/internal:/home/oreo/works/repo/build-xpon/workspace/sources/netconf-polt/../xpon-yang/yang/common:/home/oreo/works/repo/build-xpon/workspace/sources/netconf-polt/../xpon-yang/yang/exs1610:/home/oreo/works/repo/build-xpon/workspace/sources/netconf-polt/../xpon-yang/yang/exs1610/onus' -p '600' -v3
[INF] Connection 94 created.
[INF] Module "bbf-software-management" was installed.
[INF] File "bbf-software-management@2022-03-01.yang" was installed.
[INF] Connection 94 destroyed.
installed features:                                                                                                                                                 
defined features: bbf-sub-interface-tagging.yang -e write-pbit-value-in-vlan-tag -e copy-vlan-id-from-tag-index -e write-pbit-value-in-vlan-tag -e copy-vlan-id-from-tag-index
Enable features bbf-sub-interface-tagging write-pbit-value-in-vlan-tag
[INF] Connection 96 created.
[INF] Module "bbf-sub-interface-tagging" feature "write-pbit-value-in-vlan-tag" enabled.
[INF] Connection 96 destroyed.
Enable features bbf-sub-interface-tagging copy-vlan-id-from-tag-index
[INF] Connection 97 created.
[INF] Module "bbf-sub-interface-tagging" feature "copy-vlan-id-from-tag-index" enabled.
[INF] Connection 97 destroyed.
installed features:                                                                                                                                                 
defined features: bbf-sub-interfaces.yang -e tag-rewrites -e tag-rewrites
Enable features bbf-sub-interfaces tag-rewrites
[INF] Connection 99 created.
[INF] Module "bbf-sub-interfaces" feature "tag-rewrites" enabled.
[INF] Connection 99 destroyed.
Install exs1610/bbf-subscriber-types.yang
'/home/oreo/works/repo/build-xpon/workspace/sources/netconf-polt/.local/runtime/usr/bin/sysrepoctl' -i /home/oreo/works/repo/build-xpon/workspace/sources/netconf-polt/../xpon-yang/yang/exs1610/bbf-subscriber-types.yang -s '/home/oreo/works/repo/build-xpon/workspace/sources/netconf-polt/../xpon-yang/yang/exs1610/internal:/home/oreo/works/repo/build-xpon/workspace/sources/netconf-polt/../xpon-yang/yang/common:/home/oreo/works/repo/build-xpon/workspace/sources/netconf-polt/../xpon-yang/yang/exs1610:/home/oreo/works/repo/build-xpon/workspace/sources/netconf-polt/../xpon-yang/yang/exs1610/onus' -p '600' -v3
[INF] Connection 101 created.
[INF] Module "bbf-subscriber-types" was installed.
[INF] Connection 101 destroyed.
Install exs1610/bbf-xpon.yang -e pon-pools -e channel-termination-defects
'/home/oreo/works/repo/build-xpon/workspace/sources/netconf-polt/.local/runtime/usr/bin/sysrepoctl' -i /home/oreo/works/repo/build-xpon/workspace/sources/netconf-polt/../xpon-yang/yang/exs1610/bbf-xpon.yang -e pon-pools -e channel-termination-defects -s '/home/oreo/works/repo/build-xpon/workspace/sources/netconf-polt/../xpon-yang/yang/exs1610/internal:/home/oreo/works/repo/build-xpon/workspace/sources/netconf-polt/../xpon-yang/yang/common:/home/oreo/works/repo/build-xpon/workspace/sources/netconf-polt/../xpon-yang/yang/exs1610:/home/oreo/works/repo/build-xpon/workspace/sources/netconf-polt/../xpon-yang/yang/exs1610/onus' -p '600' -v3
[INF] Connection 103 created.
[INF] Module "bbf-xpon" was installed.
[INF] Dependency module "bbf-xpon-types" was installed.
[INF] File "bbf-xpon@2020-10-13.yang" was installed.
[INF] File "bbf-xpon-base@2020-10-13.yang" was installed.
[INF] File "bbf-xpon-if-type@2020-10-13.yang" was installed.
[INF] File "bbf-xpon-wavelength-profile-body@2020-10-13.yang" was installed.
[INF] File "bbf-xpon-multicast-gemport-body@2020-10-13.yang" was installed.
[INF] File "bbf-xpon-channel-group-body@2020-10-13.yang" was installed.
[INF] File "bbf-xpon-channel-partition-body@2020-10-13.yang" was installed.
[INF] File "bbf-xpon-channel-pair-body@2020-10-13.yang" was installed.
[INF] File "bbf-xpon-channel-termination-body@2020-10-13.yang" was installed.
[INF] File "bbf-xpon-defects@2024-04-23.yang" was installed.
[INF] File "bbf-xpon-multicast-distribution-set-body@2020-10-13.yang" was installed.
[INF] Connection 103 destroyed.
Install exs1610/bbf-xpon-defects.yang
'/home/oreo/works/repo/build-xpon/workspace/sources/netconf-polt/.local/runtime/usr/bin/sysrepoctl' -i /home/oreo/works/repo/build-xpon/workspace/sources/netconf-polt/../xpon-yang/yang/exs1610/bbf-xpon-defects.yang -s '/home/oreo/works/repo/build-xpon/workspace/sources/netconf-polt/../xpon-yang/yang/exs1610/internal:/home/oreo/works/repo/build-xpon/workspace/sources/netconf-polt/../xpon-yang/yang/common:/home/oreo/works/repo/build-xpon/workspace/sources/netconf-polt/../xpon-yang/yang/exs1610:/home/oreo/works/repo/build-xpon/workspace/sources/netconf-polt/../xpon-yang/yang/exs1610/onus' -p '600' -v3
[INF] Connection 105 created.
[INF] Module "bbf-xpon-defects" was installed.
[INF] Connection 105 destroyed.
Install exs1610/bbf-xpon-if-type.yang
'/home/oreo/works/repo/build-xpon/workspace/sources/netconf-polt/.local/runtime/usr/bin/sysrepoctl' -i /home/oreo/works/repo/build-xpon/workspace/sources/netconf-polt/../xpon-yang/yang/exs1610/bbf-xpon-if-type.yang -s '/home/oreo/works/repo/build-xpon/workspace/sources/netconf-polt/../xpon-yang/yang/exs1610/internal:/home/oreo/works/repo/build-xpon/workspace/sources/netconf-polt/../xpon-yang/yang/common:/home/oreo/works/repo/build-xpon/workspace/sources/netconf-polt/../xpon-yang/yang/exs1610:/home/oreo/works/repo/build-xpon/workspace/sources/netconf-polt/../xpon-yang/yang/exs1610/onus' -p '600' -v3
[INF] Connection 107 created.
[INF] Module "bbf-xpon-if-type" was installed.
[INF] Connection 107 destroyed.
Install exs1610/bbf-xpon-onu-state.yang
'/home/oreo/works/repo/build-xpon/workspace/sources/netconf-polt/.local/runtime/usr/bin/sysrepoctl' -i /home/oreo/works/repo/build-xpon/workspace/sources/netconf-polt/../xpon-yang/yang/exs1610/bbf-xpon-onu-state.yang -s '/home/oreo/works/repo/build-xpon/workspace/sources/netconf-polt/../xpon-yang/yang/exs1610/internal:/home/oreo/works/repo/build-xpon/workspace/sources/netconf-polt/../xpon-yang/yang/common:/home/oreo/works/repo/build-xpon/workspace/sources/netconf-polt/../xpon-yang/yang/exs1610:/home/oreo/works/repo/build-xpon/workspace/sources/netconf-polt/../xpon-yang/yang/exs1610/onus' -p '600' -v3
[INF] Connection 109 created.
[INF] Module "bbf-xpon-onu-state" was installed.
[INF] File "bbf-xpon-onu-state@2020-10-13.yang" was installed.
[INF] File "bbf-xpon-onu-types@2020-10-13.yang" was installed.
[INF] Connection 109 destroyed.
Install exs1610/bbf-xpon-onu-types.yang
'/home/oreo/works/repo/build-xpon/workspace/sources/netconf-polt/.local/runtime/usr/bin/sysrepoctl' -i /home/oreo/works/repo/build-xpon/workspace/sources/netconf-polt/../xpon-yang/yang/exs1610/bbf-xpon-onu-types.yang -s '/home/oreo/works/repo/build-xpon/workspace/sources/netconf-polt/../xpon-yang/yang/exs1610/internal:/home/oreo/works/repo/build-xpon/workspace/sources/netconf-polt/../xpon-yang/yang/common:/home/oreo/works/repo/build-xpon/workspace/sources/netconf-polt/../xpon-yang/yang/exs1610:/home/oreo/works/repo/build-xpon/workspace/sources/netconf-polt/../xpon-yang/yang/exs1610/onus' -p '600' -v3
[INF] Connection 111 created.
[INF] Module "bbf-xpon-onu-types" was installed.
[INF] Connection 111 destroyed.
Install exs1610/bbf-xpon-performance-management.yang
'/home/oreo/works/repo/build-xpon/workspace/sources/netconf-polt/.local/runtime/usr/bin/sysrepoctl' -i /home/oreo/works/repo/build-xpon/workspace/sources/netconf-polt/../xpon-yang/yang/exs1610/bbf-xpon-performance-management.yang -s '/home/oreo/works/repo/build-xpon/workspace/sources/netconf-polt/../xpon-yang/yang/exs1610/internal:/home/oreo/works/repo/build-xpon/workspace/sources/netconf-polt/../xpon-yang/yang/common:/home/oreo/works/repo/build-xpon/workspace/sources/netconf-polt/../xpon-yang/yang/exs1610:/home/oreo/works/repo/build-xpon/workspace/sources/netconf-polt/../xpon-yang/yang/exs1610/onus' -p '600' -v3
[INF] Connection 113 created.
[INF] Module "bbf-xpon-performance-management" was installed.
[INF] File "bbf-xpon-performance-management@2020-10-13.yang" was installed.
[INF] Connection 113 destroyed.
Install exs1610/bbf-xpon-power-management.yang
'/home/oreo/works/repo/build-xpon/workspace/sources/netconf-polt/.local/runtime/usr/bin/sysrepoctl' -i /home/oreo/works/repo/build-xpon/workspace/sources/netconf-polt/../xpon-yang/yang/exs1610/bbf-xpon-power-management.yang -s '/home/oreo/works/repo/build-xpon/workspace/sources/netconf-polt/../xpon-yang/yang/exs1610/internal:/home/oreo/works/repo/build-xpon/workspace/sources/netconf-polt/../xpon-yang/yang/common:/home/oreo/works/repo/build-xpon/workspace/sources/netconf-polt/../xpon-yang/yang/exs1610:/home/oreo/works/repo/build-xpon/workspace/sources/netconf-polt/../xpon-yang/yang/exs1610/onus' -p '600' -v3
[INF] Connection 115 created.
[INF] Module "bbf-xpon-power-management" was installed.
[INF] File "bbf-xpon-power-management@2020-10-13.yang" was installed.
[INF] Connection 115 destroyed.
installed features:                                                                                                                                                 
defined features: bbf-xpon-types.yang bbf-xpon-types.yang
Install exs1610/bbf-xponani-common.yang -e ani-onu-serial-number-reporting-alt -e ani-defects
'/home/oreo/works/repo/build-xpon/workspace/sources/netconf-polt/.local/runtime/usr/bin/sysrepoctl' -i /home/oreo/works/repo/build-xpon/workspace/sources/netconf-polt/../xpon-yang/yang/exs1610/bbf-xponani-common.yang -e ani-onu-serial-number-reporting-alt -e ani-defects -s '/home/oreo/works/repo/build-xpon/workspace/sources/netconf-polt/../xpon-yang/yang/exs1610/internal:/home/oreo/works/repo/build-xpon/workspace/sources/netconf-polt/../xpon-yang/yang/common:/home/oreo/works/repo/build-xpon/workspace/sources/netconf-polt/../xpon-yang/yang/exs1610:/home/oreo/works/repo/build-xpon/workspace/sources/netconf-polt/../xpon-yang/yang/exs1610/onus' -p '600' -v3
[INF] Connection 118 created.
[INF] Module "bbf-xponani-common" was installed.
[INF] File "bbf-xponani-common@2025-11-04.yang" was installed.
[INF] Connection 118 destroyed.
Install exs1610/bbf-xponani.yang -e configurable-ani-onu-id -e configurable-ani-management-gem-port-id -e ani-onu-serial-number-reporting -e ani-defects
'/home/oreo/works/repo/build-xpon/workspace/sources/netconf-polt/.local/runtime/usr/bin/sysrepoctl' -i /home/oreo/works/repo/build-xpon/workspace/sources/netconf-polt/../xpon-yang/yang/exs1610/bbf-xponani.yang -e configurable-ani-onu-id -e configurable-ani-management-gem-port-id -e ani-onu-serial-number-reporting -e ani-defects -s '/home/oreo/works/repo/build-xpon/workspace/sources/netconf-polt/../xpon-yang/yang/exs1610/internal:/home/oreo/works/repo/build-xpon/workspace/sources/netconf-polt/../xpon-yang/yang/common:/home/oreo/works/repo/build-xpon/workspace/sources/netconf-polt/../xpon-yang/yang/exs1610:/home/oreo/works/repo/build-xpon/workspace/sources/netconf-polt/../xpon-yang/yang/exs1610/onus' -p '600' -v3
[INF] Connection 120 created.
[INF] Module "bbf-xponani" was installed.
[INF] File "bbf-xponani@2020-10-13.yang" was installed.
[INF] File "bbf-xponani-base@2020-10-13.yang" was installed.
[INF] File "bbf-xponani-ani-body@2020-10-13.yang" was installed.
[INF] File "bbf-xponani-v-enet-body@2020-10-13.yang" was installed.
[INF] Connection 120 destroyed.
Install exs1610/bbf-xpongemtcont.yang -e configurable-gemport-id -e configurable-alloc-id
'/home/oreo/works/repo/build-xpon/workspace/sources/netconf-polt/.local/runtime/usr/bin/sysrepoctl' -i /home/oreo/works/repo/build-xpon/workspace/sources/netconf-polt/../xpon-yang/yang/exs1610/bbf-xpongemtcont.yang -e configurable-gemport-id -e configurable-alloc-id -s '/home/oreo/works/repo/build-xpon/workspace/sources/netconf-polt/../xpon-yang/yang/exs1610/internal:/home/oreo/works/repo/build-xpon/workspace/sources/netconf-polt/../xpon-yang/yang/common:/home/oreo/works/repo/build-xpon/workspace/sources/netconf-polt/../xpon-yang/yang/exs1610:/home/oreo/works/repo/build-xpon/workspace/sources/netconf-polt/../xpon-yang/yang/exs1610/onus' -p '600' -v3
[INF] Connection 122 created.
[INF] Module "bbf-xpongemtcont" was installed.
[INF] File "bbf-xpongemtcont@2020-10-13.yang" was installed.
[INF] File "bbf-xpongemtcont-base@2020-10-13.yang" was installed.
[INF] File "bbf-xpongemtcont-traffic-descriptor-profile-body@2020-10-13.yang" was installed.
[INF] File "bbf-xpongemtcont-tcont-body@2020-10-13.yang" was installed.
[INF] File "bbf-xpongemtcont-gemport-body@2020-10-13.yang" was installed.
[INF] Connection 122 destroyed.
Install exs1610/bbf-xpongemtcont-gemport-performance-management.yang
'/home/oreo/works/repo/build-xpon/workspace/sources/netconf-polt/.local/runtime/usr/bin/sysrepoctl' -i /home/oreo/works/repo/build-xpon/workspace/sources/netconf-polt/../xpon-yang/yang/exs1610/bbf-xpongemtcont-gemport-performance-management.yang -s '/home/oreo/works/repo/build-xpon/workspace/sources/netconf-polt/../xpon-yang/yang/exs1610/internal:/home/oreo/works/repo/build-xpon/workspace/sources/netconf-polt/../xpon-yang/yang/common:/home/oreo/works/repo/build-xpon/workspace/sources/netconf-polt/../xpon-yang/yang/exs1610:/home/oreo/works/repo/build-xpon/workspace/sources/netconf-polt/../xpon-yang/yang/exs1610/onus' -p '600' -v3
[INF] Connection 124 created.
[INF] Module "bbf-xpongemtcont-gemport-performance-management" was installed.
[INF] File "bbf-xpongemtcont-gemport-performance-management@2020-10-13.yang" was installed.
[INF] Connection 124 destroyed.
Install exs1610/bbf-xpongemtcont-qos.yang
'/home/oreo/works/repo/build-xpon/workspace/sources/netconf-polt/.local/runtime/usr/bin/sysrepoctl' -i /home/oreo/works/repo/build-xpon/workspace/sources/netconf-polt/../xpon-yang/yang/exs1610/bbf-xpongemtcont-qos.yang -s '/home/oreo/works/repo/build-xpon/workspace/sources/netconf-polt/../xpon-yang/yang/exs1610/internal:/home/oreo/works/repo/build-xpon/workspace/sources/netconf-polt/../xpon-yang/yang/common:/home/oreo/works/repo/build-xpon/workspace/sources/netconf-polt/../xpon-yang/yang/exs1610:/home/oreo/works/repo/build-xpon/workspace/sources/netconf-polt/../xpon-yang/yang/exs1610/onus' -p '600' -v3
[INF] Connection 126 created.
[INF] Module "bbf-xpongemtcont-qos" was installed.
[INF] File "bbf-xpongemtcont-qos@2020-10-13.yang" was installed.
[INF] Connection 126 destroyed.
Install exs1610/bbf-xponvani.yang -e configurable-v-ani-onu-id -e configurable-v-ani-management-gem-port-id
'/home/oreo/works/repo/build-xpon/workspace/sources/netconf-polt/.local/runtime/usr/bin/sysrepoctl' -i /home/oreo/works/repo/build-xpon/workspace/sources/netconf-polt/../xpon-yang/yang/exs1610/bbf-xponvani.yang -e configurable-v-ani-onu-id -e configurable-v-ani-management-gem-port-id -s '/home/oreo/works/repo/build-xpon/workspace/sources/netconf-polt/../xpon-yang/yang/exs1610/internal:/home/oreo/works/repo/build-xpon/workspace/sources/netconf-polt/../xpon-yang/yang/common:/home/oreo/works/repo/build-xpon/workspace/sources/netconf-polt/../xpon-yang/yang/exs1610:/home/oreo/works/repo/build-xpon/workspace/sources/netconf-polt/../xpon-yang/yang/exs1610/onus' -p '600' -v3
[INF] Connection 128 created.
[INF] Module "bbf-xponvani" was installed.
[INF] File "bbf-xponvani@2020-10-13.yang" was installed.
[INF] File "bbf-xponvani-base@2020-10-13.yang" was installed.
[INF] File "bbf-xponvani-v-ani-body@2020-10-13.yang" was installed.
[INF] File "bbf-xponvani-v-enet-body@2020-10-13.yang" was installed.
[INF] Connection 128 destroyed.
Install exs1610/bbf-yang-types.yang
'/home/oreo/works/repo/build-xpon/workspace/sources/netconf-polt/.local/runtime/usr/bin/sysrepoctl' -i /home/oreo/works/repo/build-xpon/workspace/sources/netconf-polt/../xpon-yang/yang/exs1610/bbf-yang-types.yang -s '/home/oreo/works/repo/build-xpon/workspace/sources/netconf-polt/../xpon-yang/yang/exs1610/internal:/home/oreo/works/repo/build-xpon/workspace/sources/netconf-polt/../xpon-yang/yang/common:/home/oreo/works/repo/build-xpon/workspace/sources/netconf-polt/../xpon-yang/yang/exs1610:/home/oreo/works/repo/build-xpon/workspace/sources/netconf-polt/../xpon-yang/yang/exs1610/onus' -p '600' -v3
[INF] Connection 130 created.
[INF] Module "bbf-yang-types" was installed.
[INF] Connection 130 destroyed.
Install exs1610/bbf-ip-interfaces.yang
'/home/oreo/works/repo/build-xpon/workspace/sources/netconf-polt/.local/runtime/usr/bin/sysrepoctl' -i /home/oreo/works/repo/build-xpon/workspace/sources/netconf-polt/../xpon-yang/yang/exs1610/bbf-ip-interfaces.yang -s '/home/oreo/works/repo/build-xpon/workspace/sources/netconf-polt/../xpon-yang/yang/exs1610/internal:/home/oreo/works/repo/build-xpon/workspace/sources/netconf-polt/../xpon-yang/yang/common:/home/oreo/works/repo/build-xpon/workspace/sources/netconf-polt/../xpon-yang/yang/exs1610:/home/oreo/works/repo/build-xpon/workspace/sources/netconf-polt/../xpon-yang/yang/exs1610/onus' -p '600' -v3
[INF] Connection 132 created.
[INF] Module "bbf-ip-interfaces" was installed.
[INF] File "bbf-ip-interfaces@2024-11-11.yang" was installed.
[INF] Connection 132 destroyed.
installed features:                                                                                                                                                 
defined features: iana-crypt-hash.yang -e crypt-hash-md5 -e crypt-hash-sha-256 -e crypt-hash-sha-512 -e crypt-hash-md5 -e crypt-hash-sha-256 -e crypt-hash-sha-512
Enable features iana-crypt-hash crypt-hash-md5
[INF] Connection 134 created.
[INF] Module "iana-crypt-hash" feature "crypt-hash-md5" enabled.
[INF] Connection 134 destroyed.
Enable features iana-crypt-hash crypt-hash-sha-256
[INF] Connection 135 created.
[INF] Module "iana-crypt-hash" feature "crypt-hash-sha-256" enabled.
[INF] Connection 135 destroyed.
Enable features iana-crypt-hash crypt-hash-sha-512
[INF] Connection 136 created.
[INF] Module "iana-crypt-hash" feature "crypt-hash-sha-512" enabled.
[INF] Connection 136 destroyed.
Install exs1610/iana-hardware.yang
'/home/oreo/works/repo/build-xpon/workspace/sources/netconf-polt/.local/runtime/usr/bin/sysrepoctl' -i /home/oreo/works/repo/build-xpon/workspace/sources/netconf-polt/../xpon-yang/yang/exs1610/iana-hardware.yang -s '/home/oreo/works/repo/build-xpon/workspace/sources/netconf-polt/../xpon-yang/yang/exs1610/internal:/home/oreo/works/repo/build-xpon/workspace/sources/netconf-polt/../xpon-yang/yang/common:/home/oreo/works/repo/build-xpon/workspace/sources/netconf-polt/../xpon-yang/yang/exs1610:/home/oreo/works/repo/build-xpon/workspace/sources/netconf-polt/../xpon-yang/yang/exs1610/onus' -p '600' -v3
[INF] Connection 138 created.
[INF] Module "iana-hardware" was installed.
[INF] Connection 138 destroyed.
Install exs1610/iana-if-type.yang
'/home/oreo/works/repo/build-xpon/workspace/sources/netconf-polt/.local/runtime/usr/bin/sysrepoctl' -i /home/oreo/works/repo/build-xpon/workspace/sources/netconf-polt/../xpon-yang/yang/exs1610/iana-if-type.yang -s '/home/oreo/works/repo/build-xpon/workspace/sources/netconf-polt/../xpon-yang/yang/exs1610/internal:/home/oreo/works/repo/build-xpon/workspace/sources/netconf-polt/../xpon-yang/yang/common:/home/oreo/works/repo/build-xpon/workspace/sources/netconf-polt/../xpon-yang/yang/exs1610:/home/oreo/works/repo/build-xpon/workspace/sources/netconf-polt/../xpon-yang/yang/exs1610/onus' -p '600' -v3
[INF] Connection 140 created.
[INF] Module "iana-if-type" was installed.
[INF] Connection 140 destroyed.
Install exs1610/ieee802-types.yang
'/home/oreo/works/repo/build-xpon/workspace/sources/netconf-polt/.local/runtime/usr/bin/sysrepoctl' -i /home/oreo/works/repo/build-xpon/workspace/sources/netconf-polt/../xpon-yang/yang/exs1610/ieee802-types.yang -s '/home/oreo/works/repo/build-xpon/workspace/sources/netconf-polt/../xpon-yang/yang/exs1610/internal:/home/oreo/works/repo/build-xpon/workspace/sources/netconf-polt/../xpon-yang/yang/common:/home/oreo/works/repo/build-xpon/workspace/sources/netconf-polt/../xpon-yang/yang/exs1610:/home/oreo/works/repo/build-xpon/workspace/sources/netconf-polt/../xpon-yang/yang/exs1610/onus' -p '600' -v3
[INF] Connection 142 created.
[INF] Module "ieee802-types" was installed.
[INF] File "ieee802-types@2023-10-22.yang" was installed.
[INF] Connection 142 destroyed.
Install exs1610/ieee802-ethernet-interface.yang
'/home/oreo/works/repo/build-xpon/workspace/sources/netconf-polt/.local/runtime/usr/bin/sysrepoctl' -i /home/oreo/works/repo/build-xpon/workspace/sources/netconf-polt/../xpon-yang/yang/exs1610/ieee802-ethernet-interface.yang -s '/home/oreo/works/repo/build-xpon/workspace/sources/netconf-polt/../xpon-yang/yang/exs1610/internal:/home/oreo/works/repo/build-xpon/workspace/sources/netconf-polt/../xpon-yang/yang/common:/home/oreo/works/repo/build-xpon/workspace/sources/netconf-polt/../xpon-yang/yang/exs1610:/home/oreo/works/repo/build-xpon/workspace/sources/netconf-polt/../xpon-yang/yang/exs1610/onus' -p '600' -v3
[INF] Connection 144 created.
[INF] Module "ieee802-ethernet-interface" was installed.
[INF] File "ieee802-ethernet-interface@2019-06-21.yang" was installed.
[INF] Connection 144 destroyed.
Install exs1610/ieee802-dot1ab-types.yang
'/home/oreo/works/repo/build-xpon/workspace/sources/netconf-polt/.local/runtime/usr/bin/sysrepoctl' -i /home/oreo/works/repo/build-xpon/workspace/sources/netconf-polt/../xpon-yang/yang/exs1610/ieee802-dot1ab-types.yang -s '/home/oreo/works/repo/build-xpon/workspace/sources/netconf-polt/../xpon-yang/yang/exs1610/internal:/home/oreo/works/repo/build-xpon/workspace/sources/netconf-polt/../xpon-yang/yang/common:/home/oreo/works/repo/build-xpon/workspace/sources/netconf-polt/../xpon-yang/yang/exs1610:/home/oreo/works/repo/build-xpon/workspace/sources/netconf-polt/../xpon-yang/yang/exs1610/onus' -p '600' -v3
[INF] Connection 146 created.
[INF] Module "ieee802-dot1ab-types" was installed.
[INF] File "ieee802-dot1ab-types@2022-03-15.yang" was installed.
[INF] Connection 146 destroyed.
Install exs1610/ieee802-dot1ab-lldp.yang
'/home/oreo/works/repo/build-xpon/workspace/sources/netconf-polt/.local/runtime/usr/bin/sysrepoctl' -i /home/oreo/works/repo/build-xpon/workspace/sources/netconf-polt/../xpon-yang/yang/exs1610/ieee802-dot1ab-lldp.yang -s '/home/oreo/works/repo/build-xpon/workspace/sources/netconf-polt/../xpon-yang/yang/exs1610/internal:/home/oreo/works/repo/build-xpon/workspace/sources/netconf-polt/../xpon-yang/yang/common:/home/oreo/works/repo/build-xpon/workspace/sources/netconf-polt/../xpon-yang/yang/exs1610:/home/oreo/works/repo/build-xpon/workspace/sources/netconf-polt/../xpon-yang/yang/exs1610/onus' -p '600' -v3
[INF] Connection 148 created.
[INF] Module "ieee802-dot1ab-lldp" was installed.
[INF] File "ieee802-dot1ab-lldp@2022-03-15.yang" was installed.
[INF] File "ietf-routing@2018-03-13.yang" was installed.
[INF] Connection 148 destroyed.
installed features:                                                                                                                                                 
defined features: ietf-datastores.yang ietf-datastores.yang
Install exs1610/ietf-ethertypes.yang
'/home/oreo/works/repo/build-xpon/workspace/sources/netconf-polt/.local/runtime/usr/bin/sysrepoctl' -i /home/oreo/works/repo/build-xpon/workspace/sources/netconf-polt/../xpon-yang/yang/exs1610/ietf-ethertypes.yang -s '/home/oreo/works/repo/build-xpon/workspace/sources/netconf-polt/../xpon-yang/yang/exs1610/internal:/home/oreo/works/repo/build-xpon/workspace/sources/netconf-polt/../xpon-yang/yang/common:/home/oreo/works/repo/build-xpon/workspace/sources/netconf-polt/../xpon-yang/yang/exs1610:/home/oreo/works/repo/build-xpon/workspace/sources/netconf-polt/../xpon-yang/yang/exs1610/onus' -p '600' -v3
[INF] Connection 151 created.
[INF] Module "ietf-ethertypes" was installed.
[INF] Connection 151 destroyed.
installed features:  factory-default-datastore                                                                                                                      
defined features: ietf-factory-default.yang ietf-factory-default.yang
installed features:                                                                                                                                                 
defined features: ietf-hardware.yang -e entity-mib -e hardware-state -e entity-mib -e hardware-state
Enable features ietf-hardware entity-mib
[INF] Connection 154 created.
[INF] Module "ietf-hardware" feature "entity-mib" enabled.
[INF] Connection 154 destroyed.
Enable features ietf-hardware hardware-state
[INF] Connection 155 created.
[INF] Module "ietf-hardware" feature "hardware-state" enabled.
[INF] Connection 155 destroyed.
Install exs1610/ietf-inet-types.yang
'/home/oreo/works/repo/build-xpon/workspace/sources/netconf-polt/.local/runtime/usr/bin/sysrepoctl' -i /home/oreo/works/repo/build-xpon/workspace/sources/netconf-polt/../xpon-yang/yang/exs1610/ietf-inet-types.yang -s '/home/oreo/works/repo/build-xpon/workspace/sources/netconf-polt/../xpon-yang/yang/exs1610/internal:/home/oreo/works/repo/build-xpon/workspace/sources/netconf-polt/../xpon-yang/yang/common:/home/oreo/works/repo/build-xpon/workspace/sources/netconf-polt/../xpon-yang/yang/exs1610:/home/oreo/works/repo/build-xpon/workspace/sources/netconf-polt/../xpon-yang/yang/exs1610/onus' -p '600' -v3
[INF] Connection 157 created.
[INF] Module "ietf-inet-types" was installed.
[INF] Connection 157 destroyed.
installed features:                                                                                                                                                 
defined features: ietf-interfaces.yang -e arbitrary-names -e pre-provisioning -e if-mib -e arbitrary-names -e pre-provisioning -e if-mib
Enable features ietf-interfaces arbitrary-names
[INF] Connection 159 created.
[INF] Module "ietf-interfaces" feature "arbitrary-names" enabled.
[INF] Connection 159 destroyed.
Enable features ietf-interfaces pre-provisioning
[INF] Connection 160 created.
[INF] Module "ietf-interfaces" feature "pre-provisioning" enabled.
[INF] Connection 160 destroyed.
Enable features ietf-interfaces if-mib
[INF] Connection 161 created.
[INF] Module "ietf-interfaces" feature "if-mib" enabled.
[INF] Connection 161 destroyed.
Install exs1610/bbf-interfaces-statistics-management.yang -e total-pkts
'/home/oreo/works/repo/build-xpon/workspace/sources/netconf-polt/.local/runtime/usr/bin/sysrepoctl' -i /home/oreo/works/repo/build-xpon/workspace/sources/netconf-polt/../xpon-yang/yang/exs1610/bbf-interfaces-statistics-management.yang -e total-pkts -s '/home/oreo/works/repo/build-xpon/workspace/sources/netconf-polt/../xpon-yang/yang/exs1610/internal:/home/oreo/works/repo/build-xpon/workspace/sources/netconf-polt/../xpon-yang/yang/common:/home/oreo/works/repo/build-xpon/workspace/sources/netconf-polt/../xpon-yang/yang/exs1610:/home/oreo/works/repo/build-xpon/workspace/sources/netconf-polt/../xpon-yang/yang/exs1610/onus' -p '600' -v3
[INF] Connection 163 created.
[INF] Module "bbf-interfaces-statistics-management" was installed.
[INF] File "bbf-interfaces-statistics-management@2022-03-01.yang" was installed.
[INF] Connection 163 destroyed.
Install exs1610/ietf-ip.yang
'/home/oreo/works/repo/build-xpon/workspace/sources/netconf-polt/.local/runtime/usr/bin/sysrepoctl' -i /home/oreo/works/repo/build-xpon/workspace/sources/netconf-polt/../xpon-yang/yang/exs1610/ietf-ip.yang -s '/home/oreo/works/repo/build-xpon/workspace/sources/netconf-polt/../xpon-yang/yang/exs1610/internal:/home/oreo/works/repo/build-xpon/workspace/sources/netconf-polt/../xpon-yang/yang/common:/home/oreo/works/repo/build-xpon/workspace/sources/netconf-polt/../xpon-yang/yang/exs1610:/home/oreo/works/repo/build-xpon/workspace/sources/netconf-polt/../xpon-yang/yang/exs1610/onus' -p '600' -v3
[INF] Connection 165 created.
[INF] Module "ietf-ip" was installed.
[INF] File "ietf-ip@2018-02-22.yang" was installed.
[INF] Connection 165 destroyed.
installed features:                                                                                                                                                 
defined features: ietf-netconf.yang -e writable-running -e candidate -e rollback-on-error -e validate -e startup -e url -e xpath -e confirmed-commit -e writable-running -e candidate -e rollback-on-error -e validate -e startup -e url -e xpath -e confirmed-commit
Enable features ietf-netconf writable-running
[INF] Connection 167 created.
[INF] Module "ietf-netconf" feature "writable-running" enabled.
[INF] Connection 167 destroyed.
Enable features ietf-netconf candidate
[INF] Connection 168 created.
[INF] Module "ietf-netconf" feature "candidate" enabled.
[INF] Connection 168 destroyed.
Enable features ietf-netconf rollback-on-error
[INF] Connection 169 created.
[INF] Module "ietf-netconf" feature "rollback-on-error" enabled.
[INF] Connection 169 destroyed.
Enable features ietf-netconf validate
[INF] Connection 170 created.
[INF] Module "ietf-netconf" feature "validate" enabled.
[INF] Connection 170 destroyed.
Enable features ietf-netconf startup
[INF] Connection 171 created.
[INF] Module "ietf-netconf" feature "startup" enabled.
[INF] Connection 171 destroyed.
Enable features ietf-netconf url
[INF] Connection 172 created.
[INF] Module "ietf-netconf" feature "url" enabled.
[INF] Connection 172 destroyed.
Enable features ietf-netconf xpath
[INF] Connection 173 created.
[INF] Module "ietf-netconf" feature "xpath" enabled.
[INF] Connection 173 destroyed.
Enable features ietf-netconf confirmed-commit
[INF] Connection 174 created.
[INF] Module "ietf-netconf" feature "confirmed-commit" enabled.
[INF] Connection 174 destroyed.
installed features:                                                                                                                                                 
defined features: ietf-netconf-acm.yang ietf-netconf-acm.yang
installed features:                                                                                                                                                 
defined features: ietf-netconf-notifications.yang ietf-netconf-notifications.yang
Install exs1610/ietf-network-instance.yang
'/home/oreo/works/repo/build-xpon/workspace/sources/netconf-polt/.local/runtime/usr/bin/sysrepoctl' -i /home/oreo/works/repo/build-xpon/workspace/sources/netconf-polt/../xpon-yang/yang/exs1610/ietf-network-instance.yang -s '/home/oreo/works/repo/build-xpon/workspace/sources/netconf-polt/../xpon-yang/yang/exs1610/internal:/home/oreo/works/repo/build-xpon/workspace/sources/netconf-polt/../xpon-yang/yang/common:/home/oreo/works/repo/build-xpon/workspace/sources/netconf-polt/../xpon-yang/yang/exs1610:/home/oreo/works/repo/build-xpon/workspace/sources/netconf-polt/../xpon-yang/yang/exs1610/onus' -p '600' -v3
[INF] Connection 178 created.
[INF] Module "ietf-network-instance" was installed.
[INF] File "ietf-network-instance@2019-01-21.yang" was installed.
[INF] Connection 178 destroyed.
installed features:                                                                                                                                                 
defined features: ietf-origin.yang ietf-origin.yang
Install exs1610/ietf-packet-fields.yang
'/home/oreo/works/repo/build-xpon/workspace/sources/netconf-polt/.local/runtime/usr/bin/sysrepoctl' -i /home/oreo/works/repo/build-xpon/workspace/sources/netconf-polt/../xpon-yang/yang/exs1610/ietf-packet-fields.yang -s '/home/oreo/works/repo/build-xpon/workspace/sources/netconf-polt/../xpon-yang/yang/exs1610/internal:/home/oreo/works/repo/build-xpon/workspace/sources/netconf-polt/../xpon-yang/yang/common:/home/oreo/works/repo/build-xpon/workspace/sources/netconf-polt/../xpon-yang/yang/exs1610:/home/oreo/works/repo/build-xpon/workspace/sources/netconf-polt/../xpon-yang/yang/exs1610/onus' -p '600' -v3
[INF] Connection 181 created.
[INF] Module "ietf-packet-fields" was installed.
[INF] Connection 181 destroyed.
Install exs1610/ietf-restconf.yang
'/home/oreo/works/repo/build-xpon/workspace/sources/netconf-polt/.local/runtime/usr/bin/sysrepoctl' -i /home/oreo/works/repo/build-xpon/workspace/sources/netconf-polt/../xpon-yang/yang/exs1610/ietf-restconf.yang -s '/home/oreo/works/repo/build-xpon/workspace/sources/netconf-polt/../xpon-yang/yang/exs1610/internal:/home/oreo/works/repo/build-xpon/workspace/sources/netconf-polt/../xpon-yang/yang/common:/home/oreo/works/repo/build-xpon/workspace/sources/netconf-polt/../xpon-yang/yang/exs1610:/home/oreo/works/repo/build-xpon/workspace/sources/netconf-polt/../xpon-yang/yang/exs1610/onus' -p '600' -v3
[INF] Connection 183 created.
[INF] Module "ietf-restconf" was installed.
[INF] File "ietf-restconf@2017-01-26.yang" was installed.
[INF] Connection 183 destroyed.
Install exs1610/ietf-subscribed-notifications.yang -e encode-xml -e replay -e subtree -e xpath -e dscp
'/home/oreo/works/repo/build-xpon/workspace/sources/netconf-polt/.local/runtime/usr/bin/sysrepoctl' -i /home/oreo/works/repo/build-xpon/workspace/sources/netconf-polt/../xpon-yang/yang/exs1610/ietf-subscribed-notifications.yang -e encode-xml -e replay -e subtree -e xpath -e dscp -s '/home/oreo/works/repo/build-xpon/workspace/sources/netconf-polt/../xpon-yang/yang/exs1610/internal:/home/oreo/works/repo/build-xpon/workspace/sources/netconf-polt/../xpon-yang/yang/common:/home/oreo/works/repo/build-xpon/workspace/sources/netconf-polt/../xpon-yang/yang/exs1610:/home/oreo/works/repo/build-xpon/workspace/sources/netconf-polt/../xpon-yang/yang/exs1610/onus' -p '600' -v3
[INF] Connection 185 created.
[INF] Module "ietf-subscribed-notifications" was installed.
[INF] File "ietf-subscribed-notifications@2019-09-09.yang" was installed.
[INF] Connection 185 destroyed.
Install exs1610/ietf-system.yang -e ntp -e timezone-name
'/home/oreo/works/repo/build-xpon/workspace/sources/netconf-polt/.local/runtime/usr/bin/sysrepoctl' -i /home/oreo/works/repo/build-xpon/workspace/sources/netconf-polt/../xpon-yang/yang/exs1610/ietf-system.yang -e ntp -e timezone-name -s '/home/oreo/works/repo/build-xpon/workspace/sources/netconf-polt/../xpon-yang/yang/exs1610/internal:/home/oreo/works/repo/build-xpon/workspace/sources/netconf-polt/../xpon-yang/yang/common:/home/oreo/works/repo/build-xpon/workspace/sources/netconf-polt/../xpon-yang/yang/exs1610:/home/oreo/works/repo/build-xpon/workspace/sources/netconf-polt/../xpon-yang/yang/exs1610/onus' -p '600' -v3
[INF] Connection 187 created.
[INF] Module "ietf-system" was installed.
[INF] File "ietf-system@2014-08-06.yang" was installed.
[INF] Connection 187 destroyed.
installed features:                                                                                                                                                 
defined features: ietf-yang-library.yang ietf-yang-library.yang
Install exs1610/ietf-yang-metadata.yang
'/home/oreo/works/repo/build-xpon/workspace/sources/netconf-polt/.local/runtime/usr/bin/sysrepoctl' -i /home/oreo/works/repo/build-xpon/workspace/sources/netconf-polt/../xpon-yang/yang/exs1610/ietf-yang-metadata.yang -s '/home/oreo/works/repo/build-xpon/workspace/sources/netconf-polt/../xpon-yang/yang/exs1610/internal:/home/oreo/works/repo/build-xpon/workspace/sources/netconf-polt/../xpon-yang/yang/common:/home/oreo/works/repo/build-xpon/workspace/sources/netconf-polt/../xpon-yang/yang/exs1610:/home/oreo/works/repo/build-xpon/workspace/sources/netconf-polt/../xpon-yang/yang/exs1610/onus' -p '600' -v3
[INF] Connection 190 created.
[INF] Module "ietf-yang-metadata" was installed.
[INF] Connection 190 destroyed.
Install exs1610/ietf-yang-patch.yang
'/home/oreo/works/repo/build-xpon/workspace/sources/netconf-polt/.local/runtime/usr/bin/sysrepoctl' -i /home/oreo/works/repo/build-xpon/workspace/sources/netconf-polt/../xpon-yang/yang/exs1610/ietf-yang-patch.yang -s '/home/oreo/works/repo/build-xpon/workspace/sources/netconf-polt/../xpon-yang/yang/exs1610/internal:/home/oreo/works/repo/build-xpon/workspace/sources/netconf-polt/../xpon-yang/yang/common:/home/oreo/works/repo/build-xpon/workspace/sources/netconf-polt/../xpon-yang/yang/exs1610:/home/oreo/works/repo/build-xpon/workspace/sources/netconf-polt/../xpon-yang/yang/exs1610/onus' -p '600' -v3
[INF] Connection 192 created.
[INF] Module "ietf-yang-patch" was installed.
[INF] File "ietf-yang-patch@2017-02-22.yang" was installed.
[INF] Connection 192 destroyed.
Install exs1610/ietf-yang-push.yang -e on-change
'/home/oreo/works/repo/build-xpon/workspace/sources/netconf-polt/.local/runtime/usr/bin/sysrepoctl' -i /home/oreo/works/repo/build-xpon/workspace/sources/netconf-polt/../xpon-yang/yang/exs1610/ietf-yang-push.yang -e on-change -s '/home/oreo/works/repo/build-xpon/workspace/sources/netconf-polt/../xpon-yang/yang/exs1610/internal:/home/oreo/works/repo/build-xpon/workspace/sources/netconf-polt/../xpon-yang/yang/common:/home/oreo/works/repo/build-xpon/workspace/sources/netconf-polt/../xpon-yang/yang/exs1610:/home/oreo/works/repo/build-xpon/workspace/sources/netconf-polt/../xpon-yang/yang/exs1610/onus' -p '600' -v3
[INF] Connection 194 created.
[INF] Module "ietf-yang-push" was installed.
[INF] File "ietf-yang-push@2019-09-09.yang" was installed.
[INF] Connection 194 destroyed.
installed features:                                                                                                                                                 
defined features: ietf-yang-schema-mount.yang ietf-yang-schema-mount.yang
Install exs1610/ietf-yang-types.yang
'/home/oreo/works/repo/build-xpon/workspace/sources/netconf-polt/.local/runtime/usr/bin/sysrepoctl' -i /home/oreo/works/repo/build-xpon/workspace/sources/netconf-polt/../xpon-yang/yang/exs1610/ietf-yang-types.yang -s '/home/oreo/works/repo/build-xpon/workspace/sources/netconf-polt/../xpon-yang/yang/exs1610/internal:/home/oreo/works/repo/build-xpon/workspace/sources/netconf-polt/../xpon-yang/yang/common:/home/oreo/works/repo/build-xpon/workspace/sources/netconf-polt/../xpon-yang/yang/exs1610:/home/oreo/works/repo/build-xpon/workspace/sources/netconf-polt/../xpon-yang/yang/exs1610/onus' -p '600' -v3
[INF] Connection 197 created.
[INF] Module "ietf-yang-types" was installed.
[INF] Connection 197 destroyed.
Install exs1610/ietf-alarms.yang
'/home/oreo/works/repo/build-xpon/workspace/sources/netconf-polt/.local/runtime/usr/bin/sysrepoctl' -i /home/oreo/works/repo/build-xpon/workspace/sources/netconf-polt/../xpon-yang/yang/exs1610/ietf-alarms.yang -s '/home/oreo/works/repo/build-xpon/workspace/sources/netconf-polt/../xpon-yang/yang/exs1610/internal:/home/oreo/works/repo/build-xpon/workspace/sources/netconf-polt/../xpon-yang/yang/common:/home/oreo/works/repo/build-xpon/workspace/sources/netconf-polt/../xpon-yang/yang/exs1610:/home/oreo/works/repo/build-xpon/workspace/sources/netconf-polt/../xpon-yang/yang/exs1610/onus' -p '600' -v3
[INF] Connection 199 created.
[INF] Module "ietf-alarms" was installed.
[INF] File "ietf-alarms@2019-09-11.yang" was installed.
[INF] Connection 199 destroyed.
Install exs1610/ietf-routing.yang
'/home/oreo/works/repo/build-xpon/workspace/sources/netconf-polt/.local/runtime/usr/bin/sysrepoctl' -i /home/oreo/works/repo/build-xpon/workspace/sources/netconf-polt/../xpon-yang/yang/exs1610/ietf-routing.yang -s '/home/oreo/works/repo/build-xpon/workspace/sources/netconf-polt/../xpon-yang/yang/exs1610/internal:/home/oreo/works/repo/build-xpon/workspace/sources/netconf-polt/../xpon-yang/yang/common:/home/oreo/works/repo/build-xpon/workspace/sources/netconf-polt/../xpon-yang/yang/exs1610:/home/oreo/works/repo/build-xpon/workspace/sources/netconf-polt/../xpon-yang/yang/exs1610/onus' -p '600' -v3
[INF] Connection 201 created.
[INF] Module "ietf-routing" was installed.
[INF] Connection 201 destroyed.
Install exs1610/bbf-alarm-types.yang
'/home/oreo/works/repo/build-xpon/workspace/sources/netconf-polt/.local/runtime/usr/bin/sysrepoctl' -i /home/oreo/works/repo/build-xpon/workspace/sources/netconf-polt/../xpon-yang/yang/exs1610/bbf-alarm-types.yang -s '/home/oreo/works/repo/build-xpon/workspace/sources/netconf-polt/../xpon-yang/yang/exs1610/internal:/home/oreo/works/repo/build-xpon/workspace/sources/netconf-polt/../xpon-yang/yang/common:/home/oreo/works/repo/build-xpon/workspace/sources/netconf-polt/../xpon-yang/yang/exs1610:/home/oreo/works/repo/build-xpon/workspace/sources/netconf-polt/../xpon-yang/yang/exs1610/onus' -p '600' -v3
[INF] Connection 203 created.
[INF] Module "bbf-alarm-types" was installed.
[INF] File "bbf-alarm-types@2020-10-13.yang" was installed.
[INF] Connection 203 destroyed.
Validate exs1610/vecima-olt-alarm-types.yang
/home/oreo/works/repo/build-xpon/workspace/sources/netconf-polt/.local/bin/pyang --lint --lint-modulename-prefix=vecima --lint-namespace-prefix=urn:vecima:yang: --max-line-len=70 /home/oreo/works/repo/build-xpon/workspace/sources/netconf-polt/../xpon-yang/yang/exs1610/vecima-olt-alarm-types.yang -p '/home/oreo/works/repo/build-xpon/workspace/sources/netconf-polt/../xpon-yang/yang/exs1610/internal:/home/oreo/works/repo/build-xpon/workspace/sources/netconf-polt/../xpon-yang/yang/common:/home/oreo/works/repo/build-xpon/workspace/sources/netconf-polt/../xpon-yang/yang/exs1610:/home/oreo/works/repo/build-xpon/workspace/sources/netconf-polt/../xpon-yang/yang/exs1610/onus'
Install exs1610/vecima-olt-alarm-types.yang
'/home/oreo/works/repo/build-xpon/workspace/sources/netconf-polt/.local/runtime/usr/bin/sysrepoctl' -i /home/oreo/works/repo/build-xpon/workspace/sources/netconf-polt/../xpon-yang/yang/exs1610/vecima-olt-alarm-types.yang -s '/home/oreo/works/repo/build-xpon/workspace/sources/netconf-polt/../xpon-yang/yang/exs1610/internal:/home/oreo/works/repo/build-xpon/workspace/sources/netconf-polt/../xpon-yang/yang/common:/home/oreo/works/repo/build-xpon/workspace/sources/netconf-polt/../xpon-yang/yang/exs1610:/home/oreo/works/repo/build-xpon/workspace/sources/netconf-polt/../xpon-yang/yang/exs1610/onus' -p '600' -v3
[INF] Connection 205 created.
[INF] Module "vecima-olt-alarm-types" was installed.
[INF] File "vecima-olt-alarm-types@2025-09-02.yang" was installed.
[INF] Connection 205 destroyed.
Validate exs1610/vecima-olt-notifications.yang
/home/oreo/works/repo/build-xpon/workspace/sources/netconf-polt/.local/bin/pyang --lint --lint-modulename-prefix=vecima --lint-namespace-prefix=urn:vecima:yang: --max-line-len=70 /home/oreo/works/repo/build-xpon/workspace/sources/netconf-polt/../xpon-yang/yang/exs1610/vecima-olt-notifications.yang -p '/home/oreo/works/repo/build-xpon/workspace/sources/netconf-polt/../xpon-yang/yang/exs1610/internal:/home/oreo/works/repo/build-xpon/workspace/sources/netconf-polt/../xpon-yang/yang/common:/home/oreo/works/repo/build-xpon/workspace/sources/netconf-polt/../xpon-yang/yang/exs1610:/home/oreo/works/repo/build-xpon/workspace/sources/netconf-polt/../xpon-yang/yang/exs1610/onus'
Install exs1610/vecima-olt-notifications.yang
'/home/oreo/works/repo/build-xpon/workspace/sources/netconf-polt/.local/runtime/usr/bin/sysrepoctl' -i /home/oreo/works/repo/build-xpon/workspace/sources/netconf-polt/../xpon-yang/yang/exs1610/vecima-olt-notifications.yang -s '/home/oreo/works/repo/build-xpon/workspace/sources/netconf-polt/../xpon-yang/yang/exs1610/internal:/home/oreo/works/repo/build-xpon/workspace/sources/netconf-polt/../xpon-yang/yang/common:/home/oreo/works/repo/build-xpon/workspace/sources/netconf-polt/../xpon-yang/yang/exs1610:/home/oreo/works/repo/build-xpon/workspace/sources/netconf-polt/../xpon-yang/yang/exs1610/onus' -p '600' -v3
[INF] Connection 207 created.
[INF] Module "vecima-olt-notifications" was installed.
[INF] File "vecima-olt-notifications@2022-06-17.yang" was installed.
[INF] Connection 207 destroyed.
Validate exs1610/vecima-olt-subsys.yang
/home/oreo/works/repo/build-xpon/workspace/sources/netconf-polt/.local/bin/pyang --lint --lint-modulename-prefix=vecima --lint-namespace-prefix=urn:vecima:yang: --max-line-len=70 /home/oreo/works/repo/build-xpon/workspace/sources/netconf-polt/../xpon-yang/yang/exs1610/vecima-olt-subsys.yang -p '/home/oreo/works/repo/build-xpon/workspace/sources/netconf-polt/../xpon-yang/yang/exs1610/internal:/home/oreo/works/repo/build-xpon/workspace/sources/netconf-polt/../xpon-yang/yang/common:/home/oreo/works/repo/build-xpon/workspace/sources/netconf-polt/../xpon-yang/yang/exs1610:/home/oreo/works/repo/build-xpon/workspace/sources/netconf-polt/../xpon-yang/yang/exs1610/onus'
Install exs1610/vecima-olt-subsys.yang
'/home/oreo/works/repo/build-xpon/workspace/sources/netconf-polt/.local/runtime/usr/bin/sysrepoctl' -i /home/oreo/works/repo/build-xpon/workspace/sources/netconf-polt/../xpon-yang/yang/exs1610/vecima-olt-subsys.yang -s '/home/oreo/works/repo/build-xpon/workspace/sources/netconf-polt/../xpon-yang/yang/exs1610/internal:/home/oreo/works/repo/build-xpon/workspace/sources/netconf-polt/../xpon-yang/yang/common:/home/oreo/works/repo/build-xpon/workspace/sources/netconf-polt/../xpon-yang/yang/exs1610:/home/oreo/works/repo/build-xpon/workspace/sources/netconf-polt/../xpon-yang/yang/exs1610/onus' -p '600' -v3
[INF] Connection 209 created.
[INF] Module "vecima-olt-subsys" was installed.
[INF] File "vecima-olt-subsys@2022-04-27.yang" was installed.
[INF] Connection 209 destroyed.
Validate exs1610/vecima-olt-notif-adaptor.yang
/home/oreo/works/repo/build-xpon/workspace/sources/netconf-polt/.local/bin/pyang --lint --lint-modulename-prefix=vecima --lint-namespace-prefix=urn:vecima:yang: --max-line-len=70 /home/oreo/works/repo/build-xpon/workspace/sources/netconf-polt/../xpon-yang/yang/exs1610/vecima-olt-notif-adaptor.yang -p '/home/oreo/works/repo/build-xpon/workspace/sources/netconf-polt/../xpon-yang/yang/exs1610/internal:/home/oreo/works/repo/build-xpon/workspace/sources/netconf-polt/../xpon-yang/yang/common:/home/oreo/works/repo/build-xpon/workspace/sources/netconf-polt/../xpon-yang/yang/exs1610:/home/oreo/works/repo/build-xpon/workspace/sources/netconf-polt/../xpon-yang/yang/exs1610/onus'
Install exs1610/vecima-olt-notif-adaptor.yang
'/home/oreo/works/repo/build-xpon/workspace/sources/netconf-polt/.local/runtime/usr/bin/sysrepoctl' -i /home/oreo/works/repo/build-xpon/workspace/sources/netconf-polt/../xpon-yang/yang/exs1610/vecima-olt-notif-adaptor.yang -s '/home/oreo/works/repo/build-xpon/workspace/sources/netconf-polt/../xpon-yang/yang/exs1610/internal:/home/oreo/works/repo/build-xpon/workspace/sources/netconf-polt/../xpon-yang/yang/common:/home/oreo/works/repo/build-xpon/workspace/sources/netconf-polt/../xpon-yang/yang/exs1610:/home/oreo/works/repo/build-xpon/workspace/sources/netconf-polt/../xpon-yang/yang/exs1610/onus' -p '600' -v3
[INF] Connection 211 created.
[INF] Module "vecima-olt-notif-adaptor" was installed.
[INF] File "vecima-olt-notif-adaptor@2022-07-12.yang" was installed.
[INF] Connection 211 destroyed.
Install exs1610/bbf-communication-alarm-types.yang
'/home/oreo/works/repo/build-xpon/workspace/sources/netconf-polt/.local/runtime/usr/bin/sysrepoctl' -i /home/oreo/works/repo/build-xpon/workspace/sources/netconf-polt/../xpon-yang/yang/exs1610/bbf-communication-alarm-types.yang -s '/home/oreo/works/repo/build-xpon/workspace/sources/netconf-polt/../xpon-yang/yang/exs1610/internal:/home/oreo/works/repo/build-xpon/workspace/sources/netconf-polt/../xpon-yang/yang/common:/home/oreo/works/repo/build-xpon/workspace/sources/netconf-polt/../xpon-yang/yang/exs1610:/home/oreo/works/repo/build-xpon/workspace/sources/netconf-polt/../xpon-yang/yang/exs1610/onus' -p '600' -v3
[INF] Connection 213 created.
[INF] Module "bbf-communication-alarm-types" was installed.
[INF] File "bbf-communication-alarm-types@2022-08-23.yang" was installed.
[INF] Connection 213 destroyed.
Install exs1610/bbf-hardware-cpu-alarm-types.yang
'/home/oreo/works/repo/build-xpon/workspace/sources/netconf-polt/.local/runtime/usr/bin/sysrepoctl' -i /home/oreo/works/repo/build-xpon/workspace/sources/netconf-polt/../xpon-yang/yang/exs1610/bbf-hardware-cpu-alarm-types.yang -s '/home/oreo/works/repo/build-xpon/workspace/sources/netconf-polt/../xpon-yang/yang/exs1610/internal:/home/oreo/works/repo/build-xpon/workspace/sources/netconf-polt/../xpon-yang/yang/common:/home/oreo/works/repo/build-xpon/workspace/sources/netconf-polt/../xpon-yang/yang/exs1610:/home/oreo/works/repo/build-xpon/workspace/sources/netconf-polt/../xpon-yang/yang/exs1610/onus' -p '600' -v3
[INF] Connection 215 created.
[INF] Module "bbf-hardware-cpu-alarm-types" was installed.
[INF] File "bbf-hardware-cpu-alarm-types@2022-08-04.yang" was installed.
[INF] Connection 215 destroyed.
Install exs1610/bbf-hardware-power-alarm-types.yang
'/home/oreo/works/repo/build-xpon/workspace/sources/netconf-polt/.local/runtime/usr/bin/sysrepoctl' -i /home/oreo/works/repo/build-xpon/workspace/sources/netconf-polt/../xpon-yang/yang/exs1610/bbf-hardware-power-alarm-types.yang -s '/home/oreo/works/repo/build-xpon/workspace/sources/netconf-polt/../xpon-yang/yang/exs1610/internal:/home/oreo/works/repo/build-xpon/workspace/sources/netconf-polt/../xpon-yang/yang/common:/home/oreo/works/repo/build-xpon/workspace/sources/netconf-polt/../xpon-yang/yang/exs1610:/home/oreo/works/repo/build-xpon/workspace/sources/netconf-polt/../xpon-yang/yang/exs1610/onus' -p '600' -v3
[INF] Connection 217 created.
[INF] Module "bbf-hardware-power-alarm-types" was installed.
[INF] File "bbf-hardware-power-alarm-types@2022-08-04.yang" was installed.
[INF] Connection 217 destroyed.
Install exs1610/bbf-hardware-fan-alarm-types.yang
'/home/oreo/works/repo/build-xpon/workspace/sources/netconf-polt/.local/runtime/usr/bin/sysrepoctl' -i /home/oreo/works/repo/build-xpon/workspace/sources/netconf-polt/../xpon-yang/yang/exs1610/bbf-hardware-fan-alarm-types.yang -s '/home/oreo/works/repo/build-xpon/workspace/sources/netconf-polt/../xpon-yang/yang/exs1610/internal:/home/oreo/works/repo/build-xpon/workspace/sources/netconf-polt/../xpon-yang/yang/common:/home/oreo/works/repo/build-xpon/workspace/sources/netconf-polt/../xpon-yang/yang/exs1610:/home/oreo/works/repo/build-xpon/workspace/sources/netconf-polt/../xpon-yang/yang/exs1610/onus' -p '600' -v3
[INF] Connection 219 created.
[INF] Module "bbf-hardware-fan-alarm-types" was installed.
[INF] File "bbf-hardware-fan-alarm-types@2022-08-04.yang" was installed.
[INF] Connection 219 destroyed.
Install exs1610/bbf-hardware-transceiver-alarm-types.yang
'/home/oreo/works/repo/build-xpon/workspace/sources/netconf-polt/.local/runtime/usr/bin/sysrepoctl' -i /home/oreo/works/repo/build-xpon/workspace/sources/netconf-polt/../xpon-yang/yang/exs1610/bbf-hardware-transceiver-alarm-types.yang -s '/home/oreo/works/repo/build-xpon/workspace/sources/netconf-polt/../xpon-yang/yang/exs1610/internal:/home/oreo/works/repo/build-xpon/workspace/sources/netconf-polt/../xpon-yang/yang/common:/home/oreo/works/repo/build-xpon/workspace/sources/netconf-polt/../xpon-yang/yang/exs1610:/home/oreo/works/repo/build-xpon/workspace/sources/netconf-polt/../xpon-yang/yang/exs1610/onus' -p '600' -v3
[INF] Connection 221 created.
[INF] Module "bbf-hardware-transceiver-alarm-types" was installed.
[INF] File "bbf-hardware-transceiver-alarm-types@2021-06-02.yang" was installed.
[INF] Connection 221 destroyed.
Install exs1610/bbf-subscriber-profiles.yang
'/home/oreo/works/repo/build-xpon/workspace/sources/netconf-polt/.local/runtime/usr/bin/sysrepoctl' -i /home/oreo/works/repo/build-xpon/workspace/sources/netconf-polt/../xpon-yang/yang/exs1610/bbf-subscriber-profiles.yang -s '/home/oreo/works/repo/build-xpon/workspace/sources/netconf-polt/../xpon-yang/yang/exs1610/internal:/home/oreo/works/repo/build-xpon/workspace/sources/netconf-polt/../xpon-yang/yang/common:/home/oreo/works/repo/build-xpon/workspace/sources/netconf-polt/../xpon-yang/yang/exs1610:/home/oreo/works/repo/build-xpon/workspace/sources/netconf-polt/../xpon-yang/yang/exs1610/onus' -p '600' -v3
[INF] Connection 223 created.
[INF] Module "bbf-subscriber-profiles" was installed.
[INF] File "bbf-subscriber-profiles@2020-10-13.yang" was installed.
[INF] Connection 223 destroyed.
Validate exs1610/vecima-netconf-server-ext.yang
/home/oreo/works/repo/build-xpon/workspace/sources/netconf-polt/.local/bin/pyang --lint --lint-modulename-prefix=vecima --lint-namespace-prefix=urn:vecima:yang: --max-line-len=70 /home/oreo/works/repo/build-xpon/workspace/sources/netconf-polt/../xpon-yang/yang/exs1610/vecima-netconf-server-ext.yang -p '/home/oreo/works/repo/build-xpon/workspace/sources/netconf-polt/../xpon-yang/yang/exs1610/internal:/home/oreo/works/repo/build-xpon/workspace/sources/netconf-polt/../xpon-yang/yang/common:/home/oreo/works/repo/build-xpon/workspace/sources/netconf-polt/../xpon-yang/yang/exs1610:/home/oreo/works/repo/build-xpon/workspace/sources/netconf-polt/../xpon-yang/yang/exs1610/onus'
Install exs1610/vecima-netconf-server-ext.yang
'/home/oreo/works/repo/build-xpon/workspace/sources/netconf-polt/.local/runtime/usr/bin/sysrepoctl' -i /home/oreo/works/repo/build-xpon/workspace/sources/netconf-polt/../xpon-yang/yang/exs1610/vecima-netconf-server-ext.yang -s '/home/oreo/works/repo/build-xpon/workspace/sources/netconf-polt/../xpon-yang/yang/exs1610/internal:/home/oreo/works/repo/build-xpon/workspace/sources/netconf-polt/../xpon-yang/yang/common:/home/oreo/works/repo/build-xpon/workspace/sources/netconf-polt/../xpon-yang/yang/exs1610:/home/oreo/works/repo/build-xpon/workspace/sources/netconf-polt/../xpon-yang/yang/exs1610/onus' -p '600' -v3
[INF] Connection 225 created.
[INF] Module "vecima-netconf-server-ext" was installed.
[INF] File "vecima-netconf-server-ext@2025-08-27.yang" was installed.
[INF] Connection 225 destroyed.
Validate exs1610/vecima-interfaces.yang
/home/oreo/works/repo/build-xpon/workspace/sources/netconf-polt/.local/bin/pyang --lint --lint-modulename-prefix=vecima --lint-namespace-prefix=urn:vecima:yang: --max-line-len=70 /home/oreo/works/repo/build-xpon/workspace/sources/netconf-polt/../xpon-yang/yang/exs1610/vecima-interfaces.yang -p '/home/oreo/works/repo/build-xpon/workspace/sources/netconf-polt/../xpon-yang/yang/exs1610/internal:/home/oreo/works/repo/build-xpon/workspace/sources/netconf-polt/../xpon-yang/yang/common:/home/oreo/works/repo/build-xpon/workspace/sources/netconf-polt/../xpon-yang/yang/exs1610:/home/oreo/works/repo/build-xpon/workspace/sources/netconf-polt/../xpon-yang/yang/exs1610/onus'
Install exs1610/vecima-interfaces.yang
'/home/oreo/works/repo/build-xpon/workspace/sources/netconf-polt/.local/runtime/usr/bin/sysrepoctl' -i /home/oreo/works/repo/build-xpon/workspace/sources/netconf-polt/../xpon-yang/yang/exs1610/vecima-interfaces.yang -s '/home/oreo/works/repo/build-xpon/workspace/sources/netconf-polt/../xpon-yang/yang/exs1610/internal:/home/oreo/works/repo/build-xpon/workspace/sources/netconf-polt/../xpon-yang/yang/common:/home/oreo/works/repo/build-xpon/workspace/sources/netconf-polt/../xpon-yang/yang/exs1610:/home/oreo/works/repo/build-xpon/workspace/sources/netconf-polt/../xpon-yang/yang/exs1610/onus' -p '600' -v3
[INF] Connection 227 created.
[INF] Module "vecima-interfaces" was installed.
[INF] File "vecima-interfaces@2026-04-17.yang" was installed.
[INF] File "vecima-telemetry@2025-05-10.yang" was installed.
[INF] Connection 227 destroyed.
Validate exs1610/vecima-hardware.yang
/home/oreo/works/repo/build-xpon/workspace/sources/netconf-polt/.local/bin/pyang --lint --lint-modulename-prefix=vecima --lint-namespace-prefix=urn:vecima:yang: --max-line-len=70 /home/oreo/works/repo/build-xpon/workspace/sources/netconf-polt/../xpon-yang/yang/exs1610/vecima-hardware.yang -p '/home/oreo/works/repo/build-xpon/workspace/sources/netconf-polt/../xpon-yang/yang/exs1610/internal:/home/oreo/works/repo/build-xpon/workspace/sources/netconf-polt/../xpon-yang/yang/common:/home/oreo/works/repo/build-xpon/workspace/sources/netconf-polt/../xpon-yang/yang/exs1610:/home/oreo/works/repo/build-xpon/workspace/sources/netconf-polt/../xpon-yang/yang/exs1610/onus'
Install exs1610/vecima-hardware.yang
'/home/oreo/works/repo/build-xpon/workspace/sources/netconf-polt/.local/runtime/usr/bin/sysrepoctl' -i /home/oreo/works/repo/build-xpon/workspace/sources/netconf-polt/../xpon-yang/yang/exs1610/vecima-hardware.yang -s '/home/oreo/works/repo/build-xpon/workspace/sources/netconf-polt/../xpon-yang/yang/exs1610/internal:/home/oreo/works/repo/build-xpon/workspace/sources/netconf-polt/../xpon-yang/yang/common:/home/oreo/works/repo/build-xpon/workspace/sources/netconf-polt/../xpon-yang/yang/exs1610:/home/oreo/works/repo/build-xpon/workspace/sources/netconf-polt/../xpon-yang/yang/exs1610/onus' -p '600' -v3
[INF] Connection 229 created.
[INF] Module "vecima-hardware" was installed.
[INF] File "vecima-hardware@2025-12-22.yang" was installed.
[INF] Connection 229 destroyed.
Validate exs1610/vecima-xpon.yang
/home/oreo/works/repo/build-xpon/workspace/sources/netconf-polt/.local/bin/pyang --lint --lint-modulename-prefix=vecima --lint-namespace-prefix=urn:vecima:yang: --max-line-len=70 /home/oreo/works/repo/build-xpon/workspace/sources/netconf-polt/../xpon-yang/yang/exs1610/vecima-xpon.yang -p '/home/oreo/works/repo/build-xpon/workspace/sources/netconf-polt/../xpon-yang/yang/exs1610/internal:/home/oreo/works/repo/build-xpon/workspace/sources/netconf-polt/../xpon-yang/yang/common:/home/oreo/works/repo/build-xpon/workspace/sources/netconf-polt/../xpon-yang/yang/exs1610:/home/oreo/works/repo/build-xpon/workspace/sources/netconf-polt/../xpon-yang/yang/exs1610/onus'
Install exs1610/vecima-xpon.yang
'/home/oreo/works/repo/build-xpon/workspace/sources/netconf-polt/.local/runtime/usr/bin/sysrepoctl' -i /home/oreo/works/repo/build-xpon/workspace/sources/netconf-polt/../xpon-yang/yang/exs1610/vecima-xpon.yang -s '/home/oreo/works/repo/build-xpon/workspace/sources/netconf-polt/../xpon-yang/yang/exs1610/internal:/home/oreo/works/repo/build-xpon/workspace/sources/netconf-polt/../xpon-yang/yang/common:/home/oreo/works/repo/build-xpon/workspace/sources/netconf-polt/../xpon-yang/yang/exs1610:/home/oreo/works/repo/build-xpon/workspace/sources/netconf-polt/../xpon-yang/yang/exs1610/onus' -p '600' -v3
[INF] Connection 231 created.
[INF] Module "vecima-xpon" was installed.
[INF] File "vecima-xpon@2025-08-12.yang" was installed.
[INF] Connection 231 destroyed.
Validate exs1610/vecima-xpongemtcont.yang
/home/oreo/works/repo/build-xpon/workspace/sources/netconf-polt/.local/bin/pyang --lint --lint-modulename-prefix=vecima --lint-namespace-prefix=urn:vecima:yang: --max-line-len=70 /home/oreo/works/repo/build-xpon/workspace/sources/netconf-polt/../xpon-yang/yang/exs1610/vecima-xpongemtcont.yang -p '/home/oreo/works/repo/build-xpon/workspace/sources/netconf-polt/../xpon-yang/yang/exs1610/internal:/home/oreo/works/repo/build-xpon/workspace/sources/netconf-polt/../xpon-yang/yang/common:/home/oreo/works/repo/build-xpon/workspace/sources/netconf-polt/../xpon-yang/yang/exs1610:/home/oreo/works/repo/build-xpon/workspace/sources/netconf-polt/../xpon-yang/yang/exs1610/onus'
Install exs1610/vecima-xpongemtcont.yang
'/home/oreo/works/repo/build-xpon/workspace/sources/netconf-polt/.local/runtime/usr/bin/sysrepoctl' -i /home/oreo/works/repo/build-xpon/workspace/sources/netconf-polt/../xpon-yang/yang/exs1610/vecima-xpongemtcont.yang -s '/home/oreo/works/repo/build-xpon/workspace/sources/netconf-polt/../xpon-yang/yang/exs1610/internal:/home/oreo/works/repo/build-xpon/workspace/sources/netconf-polt/../xpon-yang/yang/common:/home/oreo/works/repo/build-xpon/workspace/sources/netconf-polt/../xpon-yang/yang/exs1610:/home/oreo/works/repo/build-xpon/workspace/sources/netconf-polt/../xpon-yang/yang/exs1610/onus' -p '600' -v3
[INF] Connection 233 created.
[INF] Module "vecima-xpongemtcont" was installed.
[INF] File "vecima-xpongemtcont@2026-06-24.yang" was installed.
[INF] Connection 233 destroyed.
Validate exs1610/vecima-l2-forwarding.yang
/home/oreo/works/repo/build-xpon/workspace/sources/netconf-polt/.local/bin/pyang --lint --lint-modulename-prefix=vecima --lint-namespace-prefix=urn:vecima:yang: --max-line-len=70 /home/oreo/works/repo/build-xpon/workspace/sources/netconf-polt/../xpon-yang/yang/exs1610/vecima-l2-forwarding.yang -p '/home/oreo/works/repo/build-xpon/workspace/sources/netconf-polt/../xpon-yang/yang/exs1610/internal:/home/oreo/works/repo/build-xpon/workspace/sources/netconf-polt/../xpon-yang/yang/common:/home/oreo/works/repo/build-xpon/workspace/sources/netconf-polt/../xpon-yang/yang/exs1610:/home/oreo/works/repo/build-xpon/workspace/sources/netconf-polt/../xpon-yang/yang/exs1610/onus'
Install exs1610/vecima-l2-forwarding.yang
'/home/oreo/works/repo/build-xpon/workspace/sources/netconf-polt/.local/runtime/usr/bin/sysrepoctl' -i /home/oreo/works/repo/build-xpon/workspace/sources/netconf-polt/../xpon-yang/yang/exs1610/vecima-l2-forwarding.yang -s '/home/oreo/works/repo/build-xpon/workspace/sources/netconf-polt/../xpon-yang/yang/exs1610/internal:/home/oreo/works/repo/build-xpon/workspace/sources/netconf-polt/../xpon-yang/yang/common:/home/oreo/works/repo/build-xpon/workspace/sources/netconf-polt/../xpon-yang/yang/exs1610:/home/oreo/works/repo/build-xpon/workspace/sources/netconf-polt/../xpon-yang/yang/exs1610/onus' -p '600' -v3
[INF] Connection 235 created.
[INF] Module "vecima-l2-forwarding" was installed.
[INF] File "vecima-l2-forwarding@2025-05-12.yang" was installed.
[INF] Connection 235 destroyed.
Validate exs1610/vecima-ietf-system.yang
/home/oreo/works/repo/build-xpon/workspace/sources/netconf-polt/.local/bin/pyang --lint --lint-modulename-prefix=vecima --lint-namespace-prefix=urn:vecima:yang: --max-line-len=70 /home/oreo/works/repo/build-xpon/workspace/sources/netconf-polt/../xpon-yang/yang/exs1610/vecima-ietf-system.yang -p '/home/oreo/works/repo/build-xpon/workspace/sources/netconf-polt/../xpon-yang/yang/exs1610/internal:/home/oreo/works/repo/build-xpon/workspace/sources/netconf-polt/../xpon-yang/yang/common:/home/oreo/works/repo/build-xpon/workspace/sources/netconf-polt/../xpon-yang/yang/exs1610:/home/oreo/works/repo/build-xpon/workspace/sources/netconf-polt/../xpon-yang/yang/exs1610/onus'
Install exs1610/vecima-ietf-system.yang
'/home/oreo/works/repo/build-xpon/workspace/sources/netconf-polt/.local/runtime/usr/bin/sysrepoctl' -i /home/oreo/works/repo/build-xpon/workspace/sources/netconf-polt/../xpon-yang/yang/exs1610/vecima-ietf-system.yang -s '/home/oreo/works/repo/build-xpon/workspace/sources/netconf-polt/../xpon-yang/yang/exs1610/internal:/home/oreo/works/repo/build-xpon/workspace/sources/netconf-polt/../xpon-yang/yang/common:/home/oreo/works/repo/build-xpon/workspace/sources/netconf-polt/../xpon-yang/yang/exs1610:/home/oreo/works/repo/build-xpon/workspace/sources/netconf-polt/../xpon-yang/yang/exs1610/onus' -p '600' -v3
[INF] Connection 237 created.
[INF] Module "vecima-ietf-system" was installed.
[INF] File "vecima-ietf-system@2025-08-20.yang" was installed.
[INF] Connection 237 destroyed.
Validate exs1610/vecima-lldp.yang
/home/oreo/works/repo/build-xpon/workspace/sources/netconf-polt/.local/bin/pyang --lint --lint-modulename-prefix=vecima --lint-namespace-prefix=urn:vecima:yang: --max-line-len=70 /home/oreo/works/repo/build-xpon/workspace/sources/netconf-polt/../xpon-yang/yang/exs1610/vecima-lldp.yang -p '/home/oreo/works/repo/build-xpon/workspace/sources/netconf-polt/../xpon-yang/yang/exs1610/internal:/home/oreo/works/repo/build-xpon/workspace/sources/netconf-polt/../xpon-yang/yang/common:/home/oreo/works/repo/build-xpon/workspace/sources/netconf-polt/../xpon-yang/yang/exs1610:/home/oreo/works/repo/build-xpon/workspace/sources/netconf-polt/../xpon-yang/yang/exs1610/onus'
Install exs1610/vecima-lldp.yang
'/home/oreo/works/repo/build-xpon/workspace/sources/netconf-polt/.local/runtime/usr/bin/sysrepoctl' -i /home/oreo/works/repo/build-xpon/workspace/sources/netconf-polt/../xpon-yang/yang/exs1610/vecima-lldp.yang -s '/home/oreo/works/repo/build-xpon/workspace/sources/netconf-polt/../xpon-yang/yang/exs1610/internal:/home/oreo/works/repo/build-xpon/workspace/sources/netconf-polt/../xpon-yang/yang/common:/home/oreo/works/repo/build-xpon/workspace/sources/netconf-polt/../xpon-yang/yang/exs1610:/home/oreo/works/repo/build-xpon/workspace/sources/netconf-polt/../xpon-yang/yang/exs1610/onus' -p '600' -v3
[INF] Connection 239 created.
[INF] Module "vecima-lldp" was installed.
[INF] File "vecima-lldp@2025-04-25.yang" was installed.
[INF] Connection 239 destroyed.
Validate exs1610/vecima-telemetry.yang
/home/oreo/works/repo/build-xpon/workspace/sources/netconf-polt/.local/bin/pyang --lint --lint-modulename-prefix=vecima --lint-namespace-prefix=urn:vecima:yang: --max-line-len=70 /home/oreo/works/repo/build-xpon/workspace/sources/netconf-polt/../xpon-yang/yang/exs1610/vecima-telemetry.yang -p '/home/oreo/works/repo/build-xpon/workspace/sources/netconf-polt/../xpon-yang/yang/exs1610/internal:/home/oreo/works/repo/build-xpon/workspace/sources/netconf-polt/../xpon-yang/yang/common:/home/oreo/works/repo/build-xpon/workspace/sources/netconf-polt/../xpon-yang/yang/exs1610:/home/oreo/works/repo/build-xpon/workspace/sources/netconf-polt/../xpon-yang/yang/exs1610/onus'
Install exs1610/vecima-telemetry.yang
'/home/oreo/works/repo/build-xpon/workspace/sources/netconf-polt/.local/runtime/usr/bin/sysrepoctl' -i /home/oreo/works/repo/build-xpon/workspace/sources/netconf-polt/../xpon-yang/yang/exs1610/vecima-telemetry.yang -s '/home/oreo/works/repo/build-xpon/workspace/sources/netconf-polt/../xpon-yang/yang/exs1610/internal:/home/oreo/works/repo/build-xpon/workspace/sources/netconf-polt/../xpon-yang/yang/common:/home/oreo/works/repo/build-xpon/workspace/sources/netconf-polt/../xpon-yang/yang/exs1610:/home/oreo/works/repo/build-xpon/workspace/sources/netconf-polt/../xpon-yang/yang/exs1610/onus' -p '600' -v3
[INF] Connection 241 created.
[INF] Module "vecima-telemetry" was installed.
[INF] Connection 241 destroyed.
Validate exs1610/vecima-qos-traffic-mngt.yang -e tm-queue-profile
/home/oreo/works/repo/build-xpon/workspace/sources/netconf-polt/.local/bin/pyang --lint --lint-modulename-prefix=vecima --lint-namespace-prefix=urn:vecima:yang: --max-line-len=70 /home/oreo/works/repo/build-xpon/workspace/sources/netconf-polt/../xpon-yang/yang/exs1610/vecima-qos-traffic-mngt.yang -e tm-queue-profile -p '/home/oreo/works/repo/build-xpon/workspace/sources/netconf-polt/../xpon-yang/yang/exs1610/internal:/home/oreo/works/repo/build-xpon/workspace/sources/netconf-polt/../xpon-yang/yang/common:/home/oreo/works/repo/build-xpon/workspace/sources/netconf-polt/../xpon-yang/yang/exs1610:/home/oreo/works/repo/build-xpon/workspace/sources/netconf-polt/../xpon-yang/yang/exs1610/onus'
Install exs1610/vecima-qos-traffic-mngt.yang -e tm-queue-profile
'/home/oreo/works/repo/build-xpon/workspace/sources/netconf-polt/.local/runtime/usr/bin/sysrepoctl' -i /home/oreo/works/repo/build-xpon/workspace/sources/netconf-polt/../xpon-yang/yang/exs1610/vecima-qos-traffic-mngt.yang -e tm-queue-profile -s '/home/oreo/works/repo/build-xpon/workspace/sources/netconf-polt/../xpon-yang/yang/exs1610/internal:/home/oreo/works/repo/build-xpon/workspace/sources/netconf-polt/../xpon-yang/yang/common:/home/oreo/works/repo/build-xpon/workspace/sources/netconf-polt/../xpon-yang/yang/exs1610:/home/oreo/works/repo/build-xpon/workspace/sources/netconf-polt/../xpon-yang/yang/exs1610/onus' -p '600' -v3
[INF] Connection 243 created.
[INF] Module "vecima-qos-traffic-mngt" was installed.
[INF] File "vecima-qos-traffic-mngt@2026-06-09.yang" was installed.
[INF] Connection 243 destroyed.
Validate exs1610/vecima-qos-shaping.yang
/home/oreo/works/repo/build-xpon/workspace/sources/netconf-polt/.local/bin/pyang --lint --lint-modulename-prefix=vecima --lint-namespace-prefix=urn:vecima:yang: --max-line-len=70 /home/oreo/works/repo/build-xpon/workspace/sources/netconf-polt/../xpon-yang/yang/exs1610/vecima-qos-shaping.yang -p '/home/oreo/works/repo/build-xpon/workspace/sources/netconf-polt/../xpon-yang/yang/exs1610/internal:/home/oreo/works/repo/build-xpon/workspace/sources/netconf-polt/../xpon-yang/yang/common:/home/oreo/works/repo/build-xpon/workspace/sources/netconf-polt/../xpon-yang/yang/exs1610:/home/oreo/works/repo/build-xpon/workspace/sources/netconf-polt/../xpon-yang/yang/exs1610/onus'
Install exs1610/vecima-qos-shaping.yang
'/home/oreo/works/repo/build-xpon/workspace/sources/netconf-polt/.local/runtime/usr/bin/sysrepoctl' -i /home/oreo/works/repo/build-xpon/workspace/sources/netconf-polt/../xpon-yang/yang/exs1610/vecima-qos-shaping.yang -s '/home/oreo/works/repo/build-xpon/workspace/sources/netconf-polt/../xpon-yang/yang/exs1610/internal:/home/oreo/works/repo/build-xpon/workspace/sources/netconf-polt/../xpon-yang/yang/common:/home/oreo/works/repo/build-xpon/workspace/sources/netconf-polt/../xpon-yang/yang/exs1610:/home/oreo/works/repo/build-xpon/workspace/sources/netconf-polt/../xpon-yang/yang/exs1610/onus' -p '600' -v3
[INF] Connection 245 created.
[INF] Module "vecima-qos-shaping" was installed.
[INF] File "vecima-qos-shaping@2026-07-17.yang" was installed.
[INF] Connection 245 destroyed.
Install exs1610/bbf-frame-editing.yang
'/home/oreo/works/repo/build-xpon/workspace/sources/netconf-polt/.local/runtime/usr/bin/sysrepoctl' -i /home/oreo/works/repo/build-xpon/workspace/sources/netconf-polt/../xpon-yang/yang/exs1610/bbf-frame-editing.yang -s '/home/oreo/works/repo/build-xpon/workspace/sources/netconf-polt/../xpon-yang/yang/exs1610/internal:/home/oreo/works/repo/build-xpon/workspace/sources/netconf-polt/../xpon-yang/yang/common:/home/oreo/works/repo/build-xpon/workspace/sources/netconf-polt/../xpon-yang/yang/exs1610:/home/oreo/works/repo/build-xpon/workspace/sources/netconf-polt/../xpon-yang/yang/exs1610/onus' -p '600' -v3
[INF] Connection 247 created.
[INF] Module "bbf-frame-editing" was installed.
[INF] File "bbf-frame-editing@2025-07-02.yang" was installed.
[INF] Connection 247 destroyed.
Install exs1610/bbf-frame-processing-types.yang
'/home/oreo/works/repo/build-xpon/workspace/sources/netconf-polt/.local/runtime/usr/bin/sysrepoctl' -i /home/oreo/works/repo/build-xpon/workspace/sources/netconf-polt/../xpon-yang/yang/exs1610/bbf-frame-processing-types.yang -s '/home/oreo/works/repo/build-xpon/workspace/sources/netconf-polt/../xpon-yang/yang/exs1610/internal:/home/oreo/works/repo/build-xpon/workspace/sources/netconf-polt/../xpon-yang/yang/common:/home/oreo/works/repo/build-xpon/workspace/sources/netconf-polt/../xpon-yang/yang/exs1610:/home/oreo/works/repo/build-xpon/workspace/sources/netconf-polt/../xpon-yang/yang/exs1610/onus' -p '600' -v3
[INF] Connection 249 created.
[INF] Module "bbf-frame-processing-types" was installed.
[INF] Connection 249 destroyed.
Install exs1610/bbf-frame-processing.yang
'/home/oreo/works/repo/build-xpon/workspace/sources/netconf-polt/.local/runtime/usr/bin/sysrepoctl' -i /home/oreo/works/repo/build-xpon/workspace/sources/netconf-polt/../xpon-yang/yang/exs1610/bbf-frame-processing.yang -s '/home/oreo/works/repo/build-xpon/workspace/sources/netconf-polt/../xpon-yang/yang/exs1610/internal:/home/oreo/works/repo/build-xpon/workspace/sources/netconf-polt/../xpon-yang/yang/common:/home/oreo/works/repo/build-xpon/workspace/sources/netconf-polt/../xpon-yang/yang/exs1610:/home/oreo/works/repo/build-xpon/workspace/sources/netconf-polt/../xpon-yang/yang/exs1610/onus' -p '600' -v3
[INF] Connection 251 created.
[INF] Module "bbf-frame-processing" was installed.
[INF] File "bbf-frame-processing@2024-11-11.yang" was installed.
[INF] Connection 251 destroyed.
Install exs1610/bbf-vlan-sub-interface-profiles.yang
'/home/oreo/works/repo/build-xpon/workspace/sources/netconf-polt/.local/runtime/usr/bin/sysrepoctl' -i /home/oreo/works/repo/build-xpon/workspace/sources/netconf-polt/../xpon-yang/yang/exs1610/bbf-vlan-sub-interface-profiles.yang -s '/home/oreo/works/repo/build-xpon/workspace/sources/netconf-polt/../xpon-yang/yang/exs1610/internal:/home/oreo/works/repo/build-xpon/workspace/sources/netconf-polt/../xpon-yang/yang/common:/home/oreo/works/repo/build-xpon/workspace/sources/netconf-polt/../xpon-yang/yang/exs1610:/home/oreo/works/repo/build-xpon/workspace/sources/netconf-polt/../xpon-yang/yang/exs1610/onus' -p '600' -v3
[INF] Connection 253 created.
[INF] Module "bbf-vlan-sub-interface-profiles" was installed.
[INF] File "bbf-vlan-sub-interface-profiles@2023-03-07.yang" was installed.
[INF] Connection 253 destroyed.
Install exs1610/bbf-interfaces-statistics-common.yang
'/home/oreo/works/repo/build-xpon/workspace/sources/netconf-polt/.local/runtime/usr/bin/sysrepoctl' -i /home/oreo/works/repo/build-xpon/workspace/sources/netconf-polt/../xpon-yang/yang/exs1610/bbf-interfaces-statistics-common.yang -s '/home/oreo/works/repo/build-xpon/workspace/sources/netconf-polt/../xpon-yang/yang/exs1610/internal:/home/oreo/works/repo/build-xpon/workspace/sources/netconf-polt/../xpon-yang/yang/common:/home/oreo/works/repo/build-xpon/workspace/sources/netconf-polt/../xpon-yang/yang/exs1610:/home/oreo/works/repo/build-xpon/workspace/sources/netconf-polt/../xpon-yang/yang/exs1610/onus' -p '600' -v3
[INF] Connection 255 created.
[INF] Module "bbf-interfaces-statistics-common" was installed.
[INF] File "bbf-interfaces-statistics-common@2025-07-29.yang" was installed.
[INF] Connection 255 destroyed.
Install exs1610/bbf-vlan-sub-interface-profile-fp.yang -e vlan-id-translation -e dscp-match-criteria
'/home/oreo/works/repo/build-xpon/workspace/sources/netconf-polt/.local/runtime/usr/bin/sysrepoctl' -i /home/oreo/works/repo/build-xpon/workspace/sources/netconf-polt/../xpon-yang/yang/exs1610/bbf-vlan-sub-interface-profile-fp.yang -e vlan-id-translation -e dscp-match-criteria -s '/home/oreo/works/repo/build-xpon/workspace/sources/netconf-polt/../xpon-yang/yang/exs1610/internal:/home/oreo/works/repo/build-xpon/workspace/sources/netconf-polt/../xpon-yang/yang/common:/home/oreo/works/repo/build-xpon/workspace/sources/netconf-polt/../xpon-yang/yang/exs1610:/home/oreo/works/repo/build-xpon/workspace/sources/netconf-polt/../xpon-yang/yang/exs1610/onus' -p '600' -v3
[INF] Connection 257 created.
[INF] Module "bbf-vlan-sub-interface-profile-fp" was installed.
[INF] File "bbf-vlan-sub-interface-profile-fp@2025-07-30.yang" was installed.
[INF] Connection 257 destroyed.
Install exs1610/ietf-crypto-types@2024-10-10.yang -e cleartext-passwords -e cleartext-private-keys -e encrypted-symmetric-keys
'/home/oreo/works/repo/build-xpon/workspace/sources/netconf-polt/.local/runtime/usr/bin/sysrepoctl' -i /home/oreo/works/repo/build-xpon/workspace/sources/netconf-polt/../xpon-yang/yang/exs1610/ietf-crypto-types@2024-10-10.yang -e cleartext-passwords -e cleartext-private-keys -e encrypted-symmetric-keys -s '/home/oreo/works/repo/build-xpon/workspace/sources/netconf-polt/../xpon-yang/yang/exs1610/internal:/home/oreo/works/repo/build-xpon/workspace/sources/netconf-polt/../xpon-yang/yang/common:/home/oreo/works/repo/build-xpon/workspace/sources/netconf-polt/../xpon-yang/yang/exs1610:/home/oreo/works/repo/build-xpon/workspace/sources/netconf-polt/../xpon-yang/yang/exs1610/onus' -p '600' -v3
[INF] Connection 259 created.
[INF] Module "ietf-crypto-types" was installed.
[INF] File "ietf-crypto-types@2024-10-10.yang" was installed.
[INF] Connection 259 destroyed.
Install exs1610/ietf-tls-common@2024-10-10.yang -e tls12 -e tls13 -e hello-params
'/home/oreo/works/repo/build-xpon/workspace/sources/netconf-polt/.local/runtime/usr/bin/sysrepoctl' -i /home/oreo/works/repo/build-xpon/workspace/sources/netconf-polt/../xpon-yang/yang/exs1610/ietf-tls-common@2024-10-10.yang -e tls12 -e tls13 -e hello-params -s '/home/oreo/works/repo/build-xpon/workspace/sources/netconf-polt/../xpon-yang/yang/exs1610/internal:/home/oreo/works/repo/build-xpon/workspace/sources/netconf-polt/../xpon-yang/yang/common:/home/oreo/works/repo/build-xpon/workspace/sources/netconf-polt/../xpon-yang/yang/exs1610:/home/oreo/works/repo/build-xpon/workspace/sources/netconf-polt/../xpon-yang/yang/exs1610/onus' -p '600' -v3
[INF] Connection 261 created.
[INF] Module "ietf-tls-common" was installed.
[INF] Dependency module "ietf-keystore" was installed.
[INF] File "ietf-tls-common@2024-10-10.yang" was installed.
[INF] File "iana-tls-cipher-suite-algs@2024-10-16.yang" was installed.
[INF] File "ietf-keystore@2024-10-10.yang" was installed.
[INF] Connection 261 destroyed.
installed features:                                                                                                                                                 
defined features: ietf-keystore@2024-10-10.yang -e central-keystore-supported -e inline-definitions-supported -e asymmetric-keys -e symmetric-keys -e central-keystore-supported -e inline-definitions-supported -e asymmetric-keys -e symmetric-keys
Enable features ietf-keystore central-keystore-supported
[INF] Connection 263 created.
[INF] Module "ietf-keystore" feature "central-keystore-supported" enabled.
[INF] Connection 263 destroyed.
Enable features ietf-keystore inline-definitions-supported
[INF] Connection 264 created.
[INF] Module "ietf-keystore" feature "inline-definitions-supported" enabled.
[INF] Connection 264 destroyed.
Enable features ietf-keystore asymmetric-keys
[INF] Connection 265 created.
[INF] Module "ietf-keystore" feature "asymmetric-keys" enabled.
[INF] Connection 265 destroyed.
Enable features ietf-keystore symmetric-keys
[INF] Connection 266 created.
[INF] Module "ietf-keystore" feature "symmetric-keys" enabled.
[INF] Connection 266 destroyed.
Install exs1610/bbf-voip-types.yang
'/home/oreo/works/repo/build-xpon/workspace/sources/netconf-polt/.local/runtime/usr/bin/sysrepoctl' -i /home/oreo/works/repo/build-xpon/workspace/sources/netconf-polt/../xpon-yang/yang/exs1610/bbf-voip-types.yang -s '/home/oreo/works/repo/build-xpon/workspace/sources/netconf-polt/../xpon-yang/yang/exs1610/internal:/home/oreo/works/repo/build-xpon/workspace/sources/netconf-polt/../xpon-yang/yang/common:/home/oreo/works/repo/build-xpon/workspace/sources/netconf-polt/../xpon-yang/yang/exs1610:/home/oreo/works/repo/build-xpon/workspace/sources/netconf-polt/../xpon-yang/yang/exs1610/onus' -p '600' -v3
[INF] Connection 268 created.
[INF] Module "bbf-voip-types" was installed.
[INF] File "bbf-voip-types@2025-07-02.yang" was installed.
[INF] Connection 268 destroyed.
Install exs1610/bbf-voip-media-alarm-types.yang
'/home/oreo/works/repo/build-xpon/workspace/sources/netconf-polt/.local/runtime/usr/bin/sysrepoctl' -i /home/oreo/works/repo/build-xpon/workspace/sources/netconf-polt/../xpon-yang/yang/exs1610/bbf-voip-media-alarm-types.yang -s '/home/oreo/works/repo/build-xpon/workspace/sources/netconf-polt/../xpon-yang/yang/exs1610/internal:/home/oreo/works/repo/build-xpon/workspace/sources/netconf-polt/../xpon-yang/yang/common:/home/oreo/works/repo/build-xpon/workspace/sources/netconf-polt/../xpon-yang/yang/exs1610:/home/oreo/works/repo/build-xpon/workspace/sources/netconf-polt/../xpon-yang/yang/exs1610/onus' -p '600' -v3
[INF] Connection 270 created.
[INF] Module "bbf-voip-media-alarm-types" was installed.
[INF] File "bbf-voip-media-alarm-types@2025-07-02.yang" was installed.
[INF] Connection 270 destroyed.
Install exs1610/bbf-voip-sip-alarm-types.yang
'/home/oreo/works/repo/build-xpon/workspace/sources/netconf-polt/.local/runtime/usr/bin/sysrepoctl' -i /home/oreo/works/repo/build-xpon/workspace/sources/netconf-polt/../xpon-yang/yang/exs1610/bbf-voip-sip-alarm-types.yang -s '/home/oreo/works/repo/build-xpon/workspace/sources/netconf-polt/../xpon-yang/yang/exs1610/internal:/home/oreo/works/repo/build-xpon/workspace/sources/netconf-polt/../xpon-yang/yang/common:/home/oreo/works/repo/build-xpon/workspace/sources/netconf-polt/../xpon-yang/yang/exs1610:/home/oreo/works/repo/build-xpon/workspace/sources/netconf-polt/../xpon-yang/yang/exs1610/onus' -p '600' -v3
[INF] Connection 272 created.
[INF] Module "bbf-voip-sip-alarm-types" was installed.
[INF] File "bbf-voip-sip-alarm-types@2025-07-02.yang" was installed.
[INF] File "bbf-voip-media@2025-07-02.yang" was installed.
[INF] Connection 272 destroyed.
Install exs1610/bbf-pots-alarm-types.yang
'/home/oreo/works/repo/build-xpon/workspace/sources/netconf-polt/.local/runtime/usr/bin/sysrepoctl' -i /home/oreo/works/repo/build-xpon/workspace/sources/netconf-polt/../xpon-yang/yang/exs1610/bbf-pots-alarm-types.yang -s '/home/oreo/works/repo/build-xpon/workspace/sources/netconf-polt/../xpon-yang/yang/exs1610/internal:/home/oreo/works/repo/build-xpon/workspace/sources/netconf-polt/../xpon-yang/yang/common:/home/oreo/works/repo/build-xpon/workspace/sources/netconf-polt/../xpon-yang/yang/exs1610:/home/oreo/works/repo/build-xpon/workspace/sources/netconf-polt/../xpon-yang/yang/exs1610/onus' -p '600' -v3
[INF] Connection 274 created.
[INF] Module "bbf-pots-alarm-types" was installed.
[INF] File "bbf-pots-alarm-types@2025-07-02.yang" was installed.
[INF] Connection 274 destroyed.
Install exs1610/bbf-pots.yang
'/home/oreo/works/repo/build-xpon/workspace/sources/netconf-polt/.local/runtime/usr/bin/sysrepoctl' -i /home/oreo/works/repo/build-xpon/workspace/sources/netconf-polt/../xpon-yang/yang/exs1610/bbf-pots.yang -s '/home/oreo/works/repo/build-xpon/workspace/sources/netconf-polt/../xpon-yang/yang/exs1610/internal:/home/oreo/works/repo/build-xpon/workspace/sources/netconf-polt/../xpon-yang/yang/common:/home/oreo/works/repo/build-xpon/workspace/sources/netconf-polt/../xpon-yang/yang/exs1610:/home/oreo/works/repo/build-xpon/workspace/sources/netconf-polt/../xpon-yang/yang/exs1610/onus' -p '600' -v3
[INF] Connection 276 created.
[INF] Module "bbf-pots" was installed.
[INF] Dependency module "bbf-tone-patterns" was installed.
[INF] Dependency module "bbf-ringing-patterns" was installed.
[INF] File "bbf-pots@2025-07-02.yang" was installed.
[INF] File "bbf-tone-patterns@2025-07-02.yang" was installed.
[INF] File "bbf-tone-patterns-common@2025-07-02.yang" was installed.
[INF] File "bbf-ringing-patterns@2025-07-02.yang" was installed.
[INF] File "bbf-ringing-patterns-common@2025-07-02.yang" was installed.
[INF] Connection 276 destroyed.
Install exs1610/bbf-ringing-patterns-common.yang
'/home/oreo/works/repo/build-xpon/workspace/sources/netconf-polt/.local/runtime/usr/bin/sysrepoctl' -i /home/oreo/works/repo/build-xpon/workspace/sources/netconf-polt/../xpon-yang/yang/exs1610/bbf-ringing-patterns-common.yang -s '/home/oreo/works/repo/build-xpon/workspace/sources/netconf-polt/../xpon-yang/yang/exs1610/internal:/home/oreo/works/repo/build-xpon/workspace/sources/netconf-polt/../xpon-yang/yang/common:/home/oreo/works/repo/build-xpon/workspace/sources/netconf-polt/../xpon-yang/yang/exs1610:/home/oreo/works/repo/build-xpon/workspace/sources/netconf-polt/../xpon-yang/yang/exs1610/onus' -p '600' -v3
[INF] Connection 278 created.
[INF] Module "bbf-ringing-patterns-common" was installed.
[INF] Connection 278 destroyed.
installed features:                                                                                                                                                 
defined features: bbf-ringing-patterns.yang bbf-ringing-patterns.yang
Install exs1610/bbf-tone-patterns-common.yang
'/home/oreo/works/repo/build-xpon/workspace/sources/netconf-polt/.local/runtime/usr/bin/sysrepoctl' -i /home/oreo/works/repo/build-xpon/workspace/sources/netconf-polt/../xpon-yang/yang/exs1610/bbf-tone-patterns-common.yang -s '/home/oreo/works/repo/build-xpon/workspace/sources/netconf-polt/../xpon-yang/yang/exs1610/internal:/home/oreo/works/repo/build-xpon/workspace/sources/netconf-polt/../xpon-yang/yang/common:/home/oreo/works/repo/build-xpon/workspace/sources/netconf-polt/../xpon-yang/yang/exs1610:/home/oreo/works/repo/build-xpon/workspace/sources/netconf-polt/../xpon-yang/yang/exs1610/onus' -p '600' -v3
[INF] Connection 281 created.
[INF] Module "bbf-tone-patterns-common" was installed.
[INF] Connection 281 destroyed.
installed features:                                                                                                                                                 
defined features: bbf-tone-patterns.yang bbf-tone-patterns.yang
Install exs1610/bbf-voip-media.yang -e forwarders
'/home/oreo/works/repo/build-xpon/workspace/sources/netconf-polt/.local/runtime/usr/bin/sysrepoctl' -i /home/oreo/works/repo/build-xpon/workspace/sources/netconf-polt/../xpon-yang/yang/exs1610/bbf-voip-media.yang -e forwarders -s '/home/oreo/works/repo/build-xpon/workspace/sources/netconf-polt/../xpon-yang/yang/exs1610/internal:/home/oreo/works/repo/build-xpon/workspace/sources/netconf-polt/../xpon-yang/yang/common:/home/oreo/works/repo/build-xpon/workspace/sources/netconf-polt/../xpon-yang/yang/exs1610:/home/oreo/works/repo/build-xpon/workspace/sources/netconf-polt/../xpon-yang/yang/exs1610/onus' -p '600' -v3
[INF] Connection 284 created.
[INF] Module "bbf-voip-media" was installed.
[INF] Connection 284 destroyed.
Install exs1610/bbf-voip-sip.yang
'/home/oreo/works/repo/build-xpon/workspace/sources/netconf-polt/.local/runtime/usr/bin/sysrepoctl' -i /home/oreo/works/repo/build-xpon/workspace/sources/netconf-polt/../xpon-yang/yang/exs1610/bbf-voip-sip.yang -s '/home/oreo/works/repo/build-xpon/workspace/sources/netconf-polt/../xpon-yang/yang/exs1610/internal:/home/oreo/works/repo/build-xpon/workspace/sources/netconf-polt/../xpon-yang/yang/common:/home/oreo/works/repo/build-xpon/workspace/sources/netconf-polt/../xpon-yang/yang/exs1610:/home/oreo/works/repo/build-xpon/workspace/sources/netconf-polt/../xpon-yang/yang/exs1610/onus' -p '600' -v3
[INF] Connection 286 created.
[INF] Module "bbf-voip-sip" was installed.
[INF] Dependency module "ietf-truststore" was installed.
[INF] File "bbf-voip-sip@2025-07-02.yang" was installed.
[INF] File "ietf-tls-client@2024-10-10.yang" was installed.
[INF] File "ietf-truststore@2024-10-10.yang" was installed.
[INF] Connection 286 destroyed.
Validate exs1610/vecima-voip-media.yang
/home/oreo/works/repo/build-xpon/workspace/sources/netconf-polt/.local/bin/pyang --lint --lint-modulename-prefix=vecima --lint-namespace-prefix=urn:vecima:yang: --max-line-len=70 /home/oreo/works/repo/build-xpon/workspace/sources/netconf-polt/../xpon-yang/yang/exs1610/vecima-voip-media.yang -p '/home/oreo/works/repo/build-xpon/workspace/sources/netconf-polt/../xpon-yang/yang/exs1610/internal:/home/oreo/works/repo/build-xpon/workspace/sources/netconf-polt/../xpon-yang/yang/common:/home/oreo/works/repo/build-xpon/workspace/sources/netconf-polt/../xpon-yang/yang/exs1610:/home/oreo/works/repo/build-xpon/workspace/sources/netconf-polt/../xpon-yang/yang/exs1610/onus'
Install exs1610/vecima-voip-media.yang
'/home/oreo/works/repo/build-xpon/workspace/sources/netconf-polt/.local/runtime/usr/bin/sysrepoctl' -i /home/oreo/works/repo/build-xpon/workspace/sources/netconf-polt/../xpon-yang/yang/exs1610/vecima-voip-media.yang -s '/home/oreo/works/repo/build-xpon/workspace/sources/netconf-polt/../xpon-yang/yang/exs1610/internal:/home/oreo/works/repo/build-xpon/workspace/sources/netconf-polt/../xpon-yang/yang/common:/home/oreo/works/repo/build-xpon/workspace/sources/netconf-polt/../xpon-yang/yang/exs1610:/home/oreo/works/repo/build-xpon/workspace/sources/netconf-polt/../xpon-yang/yang/exs1610/onus' -p '600' -v3
[INF] Connection 288 created.
[INF] Module "vecima-voip-media" was installed.
[INF] File "vecima-voip-media@2026-01-09.yang" was installed.
[INF] Connection 288 destroyed.
Install exs1610/internal/iana-ssh-public-key-algs.yang
'/home/oreo/works/repo/build-xpon/workspace/sources/netconf-polt/.local/runtime/usr/bin/sysrepoctl' -i /home/oreo/works/repo/build-xpon/workspace/sources/netconf-polt/../xpon-yang/yang/exs1610/internal/iana-ssh-public-key-algs.yang -s '/home/oreo/works/repo/build-xpon/workspace/sources/netconf-polt/../xpon-yang/yang/exs1610/internal:/home/oreo/works/repo/build-xpon/workspace/sources/netconf-polt/../xpon-yang/yang/common:/home/oreo/works/repo/build-xpon/workspace/sources/netconf-polt/../xpon-yang/yang/exs1610:/home/oreo/works/repo/build-xpon/workspace/sources/netconf-polt/../xpon-yang/yang/exs1610/onus' -p '600' -v3
[INF] Connection 290 created.
[INF] Module "iana-ssh-public-key-algs" was installed.
[INF] File "iana-ssh-public-key-algs@2022-06-16.yang" was installed.
[INF] Connection 290 destroyed.
Install exs1610/internal/iana-ssh-key-exchange-algs.yang
'/home/oreo/works/repo/build-xpon/workspace/sources/netconf-polt/.local/runtime/usr/bin/sysrepoctl' -i /home/oreo/works/repo/build-xpon/workspace/sources/netconf-polt/../xpon-yang/yang/exs1610/internal/iana-ssh-key-exchange-algs.yang -s '/home/oreo/works/repo/build-xpon/workspace/sources/netconf-polt/../xpon-yang/yang/exs1610/internal:/home/oreo/works/repo/build-xpon/workspace/sources/netconf-polt/../xpon-yang/yang/common:/home/oreo/works/repo/build-xpon/workspace/sources/netconf-polt/../xpon-yang/yang/exs1610:/home/oreo/works/repo/build-xpon/workspace/sources/netconf-polt/../xpon-yang/yang/exs1610/onus' -p '600' -v3
[INF] Connection 292 created.
[INF] Module "iana-ssh-key-exchange-algs" was installed.
[INF] File "iana-ssh-key-exchange-algs@2022-06-16.yang" was installed.
[INF] Connection 292 destroyed.
Install exs1610/internal/iana-ssh-encryption-algs.yang
'/home/oreo/works/repo/build-xpon/workspace/sources/netconf-polt/.local/runtime/usr/bin/sysrepoctl' -i /home/oreo/works/repo/build-xpon/workspace/sources/netconf-polt/../xpon-yang/yang/exs1610/internal/iana-ssh-encryption-algs.yang -s '/home/oreo/works/repo/build-xpon/workspace/sources/netconf-polt/../xpon-yang/yang/exs1610/internal:/home/oreo/works/repo/build-xpon/workspace/sources/netconf-polt/../xpon-yang/yang/common:/home/oreo/works/repo/build-xpon/workspace/sources/netconf-polt/../xpon-yang/yang/exs1610:/home/oreo/works/repo/build-xpon/workspace/sources/netconf-polt/../xpon-yang/yang/exs1610/onus' -p '600' -v3
[INF] Connection 294 created.
[INF] Module "iana-ssh-encryption-algs" was installed.
[INF] File "iana-ssh-encryption-algs@2022-06-16.yang" was installed.
[INF] Connection 294 destroyed.
Install exs1610/internal/iana-ssh-mac-algs.yang
'/home/oreo/works/repo/build-xpon/workspace/sources/netconf-polt/.local/runtime/usr/bin/sysrepoctl' -i /home/oreo/works/repo/build-xpon/workspace/sources/netconf-polt/../xpon-yang/yang/exs1610/internal/iana-ssh-mac-algs.yang -s '/home/oreo/works/repo/build-xpon/workspace/sources/netconf-polt/../xpon-yang/yang/exs1610/internal:/home/oreo/works/repo/build-xpon/workspace/sources/netconf-polt/../xpon-yang/yang/common:/home/oreo/works/repo/build-xpon/workspace/sources/netconf-polt/../xpon-yang/yang/exs1610:/home/oreo/works/repo/build-xpon/workspace/sources/netconf-polt/../xpon-yang/yang/exs1610/onus' -p '600' -v3
[INF] Connection 296 created.
[INF] Module "iana-ssh-mac-algs" was installed.
[INF] File "iana-ssh-mac-algs@2022-06-16.yang" was installed.
[INF] Connection 296 destroyed.
Install exs1610/internal/iana-tls-cipher-suite-algs.yang
'/home/oreo/works/repo/build-xpon/workspace/sources/netconf-polt/.local/runtime/usr/bin/sysrepoctl' -i /home/oreo/works/repo/build-xpon/workspace/sources/netconf-polt/../xpon-yang/yang/exs1610/internal/iana-tls-cipher-suite-algs.yang -s '/home/oreo/works/repo/build-xpon/workspace/sources/netconf-polt/../xpon-yang/yang/exs1610/internal:/home/oreo/works/repo/build-xpon/workspace/sources/netconf-polt/../xpon-yang/yang/common:/home/oreo/works/repo/build-xpon/workspace/sources/netconf-polt/../xpon-yang/yang/exs1610:/home/oreo/works/repo/build-xpon/workspace/sources/netconf-polt/../xpon-yang/yang/exs1610/onus' -p '600' -v3
[INF] Connection 298 created.
[INF] Module "iana-tls-cipher-suite-algs" was installed.
[INF] Connection 298 destroyed.
Install exs1610/internal/bbf-grpc-client.yang
'/home/oreo/works/repo/build-xpon/workspace/sources/netconf-polt/.local/runtime/usr/bin/sysrepoctl' -i /home/oreo/works/repo/build-xpon/workspace/sources/netconf-polt/../xpon-yang/yang/exs1610/internal/bbf-grpc-client.yang -s '/home/oreo/works/repo/build-xpon/workspace/sources/netconf-polt/../xpon-yang/yang/exs1610/internal:/home/oreo/works/repo/build-xpon/workspace/sources/netconf-polt/../xpon-yang/yang/common:/home/oreo/works/repo/build-xpon/workspace/sources/netconf-polt/../xpon-yang/yang/exs1610:/home/oreo/works/repo/build-xpon/workspace/sources/netconf-polt/../xpon-yang/yang/exs1610/onus' -p '600' -v3
[INF] Connection 300 created.
[INF] Module "bbf-grpc-client" was installed.
[INF] File "bbf-grpc-client@2021-02-19.yang" was installed.
[INF] Connection 300 destroyed.
Install exs1610/internal/bbf-kafka-agent.yang
'/home/oreo/works/repo/build-xpon/workspace/sources/netconf-polt/.local/runtime/usr/bin/sysrepoctl' -i /home/oreo/works/repo/build-xpon/workspace/sources/netconf-polt/../xpon-yang/yang/exs1610/internal/bbf-kafka-agent.yang -s '/home/oreo/works/repo/build-xpon/workspace/sources/netconf-polt/../xpon-yang/yang/exs1610/internal:/home/oreo/works/repo/build-xpon/workspace/sources/netconf-polt/../xpon-yang/yang/common:/home/oreo/works/repo/build-xpon/workspace/sources/netconf-polt/../xpon-yang/yang/exs1610:/home/oreo/works/repo/build-xpon/workspace/sources/netconf-polt/../xpon-yang/yang/exs1610/onus' -p '600' -v3
[INF] Connection 302 created.
[INF] Module "bbf-kafka-agent" was installed.
[INF] File "bbf-kafka-agent@2021-02-19.yang" was installed.
[INF] Connection 302 destroyed.
Install exs1610/internal/bbf-network-function-client.yang -e grpc-client-supported
'/home/oreo/works/repo/build-xpon/workspace/sources/netconf-polt/.local/runtime/usr/bin/sysrepoctl' -i /home/oreo/works/repo/build-xpon/workspace/sources/netconf-polt/../xpon-yang/yang/exs1610/internal/bbf-network-function-client.yang -e grpc-client-supported -s '/home/oreo/works/repo/build-xpon/workspace/sources/netconf-polt/../xpon-yang/yang/exs1610/internal:/home/oreo/works/repo/build-xpon/workspace/sources/netconf-polt/../xpon-yang/yang/common:/home/oreo/works/repo/build-xpon/workspace/sources/netconf-polt/../xpon-yang/yang/exs1610:/home/oreo/works/repo/build-xpon/workspace/sources/netconf-polt/../xpon-yang/yang/exs1610/onus' -p '600' -v3
[INF] Connection 304 created.
[INF] Module "bbf-network-function-client" was installed.
[INF] File "bbf-network-function-client@2021-02-19.yang" was installed.
[INF] File "ietf-tcp-client@2023-12-28.yang" was installed.
[INF] File "ietf-tcp-common@2023-12-28.yang" was installed.
[INF] File "bbf-network-function-types@2021-03-01.yang" was installed.
[INF] Connection 304 destroyed.
Install exs1610/internal/bbf-network-function-endpoint-filter.yang
'/home/oreo/works/repo/build-xpon/workspace/sources/netconf-polt/.local/runtime/usr/bin/sysrepoctl' -i /home/oreo/works/repo/build-xpon/workspace/sources/netconf-polt/../xpon-yang/yang/exs1610/internal/bbf-network-function-endpoint-filter.yang -s '/home/oreo/works/repo/build-xpon/workspace/sources/netconf-polt/../xpon-yang/yang/exs1610/internal:/home/oreo/works/repo/build-xpon/workspace/sources/netconf-polt/../xpon-yang/yang/common:/home/oreo/works/repo/build-xpon/workspace/sources/netconf-polt/../xpon-yang/yang/exs1610:/home/oreo/works/repo/build-xpon/workspace/sources/netconf-polt/../xpon-yang/yang/exs1610/onus' -p '600' -v3
[INF] Connection 306 created.
[INF] Module "bbf-network-function-endpoint-filter" was installed.
[INF] File "bbf-network-function-endpoint-filter@2021-03-04.yang" was installed.
[INF] File "bbf-vomci-types@2020-12-01.yang" was installed.
[INF] Connection 306 destroyed.
Install exs1610/internal/bbf-network-function-server.yang
'/home/oreo/works/repo/build-xpon/workspace/sources/netconf-polt/.local/runtime/usr/bin/sysrepoctl' -i /home/oreo/works/repo/build-xpon/workspace/sources/netconf-polt/../xpon-yang/yang/exs1610/internal/bbf-network-function-server.yang -s '/home/oreo/works/repo/build-xpon/workspace/sources/netconf-polt/../xpon-yang/yang/exs1610/internal:/home/oreo/works/repo/build-xpon/workspace/sources/netconf-polt/../xpon-yang/yang/common:/home/oreo/works/repo/build-xpon/workspace/sources/netconf-polt/../xpon-yang/yang/exs1610:/home/oreo/works/repo/build-xpon/workspace/sources/netconf-polt/../xpon-yang/yang/exs1610/onus' -p '600' -v3
[INF] Connection 308 created.
[INF] Module "bbf-network-function-server" was installed.
[INF] File "bbf-network-function-server@2021-02-19.yang" was installed.
[INF] File "ietf-tcp-server@2023-12-28.yang" was installed.
[INF] Connection 308 destroyed.
Install exs1610/internal/bbf-network-function-types.yang
'/home/oreo/works/repo/build-xpon/workspace/sources/netconf-polt/.local/runtime/usr/bin/sysrepoctl' -i /home/oreo/works/repo/build-xpon/workspace/sources/netconf-polt/../xpon-yang/yang/exs1610/internal/bbf-network-function-types.yang -s '/home/oreo/works/repo/build-xpon/workspace/sources/netconf-polt/../xpon-yang/yang/exs1610/internal:/home/oreo/works/repo/build-xpon/workspace/sources/netconf-polt/../xpon-yang/yang/common:/home/oreo/works/repo/build-xpon/workspace/sources/netconf-polt/../xpon-yang/yang/exs1610:/home/oreo/works/repo/build-xpon/workspace/sources/netconf-polt/../xpon-yang/yang/exs1610/onus' -p '600' -v3
[INF] Connection 310 created.
[INF] Module "bbf-network-function-types" was installed.
[INF] Connection 310 destroyed.
Install exs1610/internal/bbf-olt-vomci.yang -e nf-client-supported -e nf-server-supported
'/home/oreo/works/repo/build-xpon/workspace/sources/netconf-polt/.local/runtime/usr/bin/sysrepoctl' -i /home/oreo/works/repo/build-xpon/workspace/sources/netconf-polt/../xpon-yang/yang/exs1610/internal/bbf-olt-vomci.yang -e nf-client-supported -e nf-server-supported -s '/home/oreo/works/repo/build-xpon/workspace/sources/netconf-polt/../xpon-yang/yang/exs1610/internal:/home/oreo/works/repo/build-xpon/workspace/sources/netconf-polt/../xpon-yang/yang/common:/home/oreo/works/repo/build-xpon/workspace/sources/netconf-polt/../xpon-yang/yang/exs1610:/home/oreo/works/repo/build-xpon/workspace/sources/netconf-polt/../xpon-yang/yang/exs1610/onus' -p '600' -v3
[INF] Connection 312 created.
[INF] Module "bbf-olt-vomci" was installed.
[INF] File "bbf-olt-vomci@2021-02-07.yang" was installed.
[INF] File "bbf-vomci-entity@2021-02-07.yang" was installed.
[INF] Connection 312 destroyed.
Install exs1610/internal/bbf-vomci-entity.yang
'/home/oreo/works/repo/build-xpon/workspace/sources/netconf-polt/.local/runtime/usr/bin/sysrepoctl' -i /home/oreo/works/repo/build-xpon/workspace/sources/netconf-polt/../xpon-yang/yang/exs1610/internal/bbf-vomci-entity.yang -s '/home/oreo/works/repo/build-xpon/workspace/sources/netconf-polt/../xpon-yang/yang/exs1610/internal:/home/oreo/works/repo/build-xpon/workspace/sources/netconf-polt/../xpon-yang/yang/common:/home/oreo/works/repo/build-xpon/workspace/sources/netconf-polt/../xpon-yang/yang/exs1610:/home/oreo/works/repo/build-xpon/workspace/sources/netconf-polt/../xpon-yang/yang/exs1610/onus' -p '600' -v3
[INF] Connection 314 created.
[INF] Module "bbf-vomci-entity" was installed.
[INF] Connection 314 destroyed.
Install exs1610/internal/bbf-vomci-types.yang
'/home/oreo/works/repo/build-xpon/workspace/sources/netconf-polt/.local/runtime/usr/bin/sysrepoctl' -i /home/oreo/works/repo/build-xpon/workspace/sources/netconf-polt/../xpon-yang/yang/exs1610/internal/bbf-vomci-types.yang -s '/home/oreo/works/repo/build-xpon/workspace/sources/netconf-polt/../xpon-yang/yang/exs1610/internal:/home/oreo/works/repo/build-xpon/workspace/sources/netconf-polt/../xpon-yang/yang/common:/home/oreo/works/repo/build-xpon/workspace/sources/netconf-polt/../xpon-yang/yang/exs1610:/home/oreo/works/repo/build-xpon/workspace/sources/netconf-polt/../xpon-yang/yang/exs1610/onus' -p '600' -v3
[INF] Connection 316 created.
[INF] Module "bbf-vomci-types" was installed.
[INF] Connection 316 destroyed.
installed features:  cleartext-passwords encrypted-symmetric-keys cleartext-private-keys                                                                            
defined features: ietf-crypto-types.yang -e cleartext-passwords -e cleartext-private-keys -e cleartext-passwords -e cleartext-private-keys
Install exs1610/internal/ietf-x509-cert-to-name.yang
'/home/oreo/works/repo/build-xpon/workspace/sources/netconf-polt/.local/runtime/usr/bin/sysrepoctl' -i /home/oreo/works/repo/build-xpon/workspace/sources/netconf-polt/../xpon-yang/yang/exs1610/internal/ietf-x509-cert-to-name.yang -s '/home/oreo/works/repo/build-xpon/workspace/sources/netconf-polt/../xpon-yang/yang/exs1610/internal:/home/oreo/works/repo/build-xpon/workspace/sources/netconf-polt/../xpon-yang/yang/common:/home/oreo/works/repo/build-xpon/workspace/sources/netconf-polt/../xpon-yang/yang/exs1610:/home/oreo/works/repo/build-xpon/workspace/sources/netconf-polt/../xpon-yang/yang/exs1610/onus' -p '600' -v3
[INF] Connection 319 created.
[INF] Module "ietf-x509-cert-to-name" was installed.
[INF] File "ietf-x509-cert-to-name@2014-12-10.yang" was installed.
[INF] Connection 319 destroyed.
installed features:  central-keystore-supported inline-definitions-supported asymmetric-keys symmetric-keys                                                         
defined features: ietf-keystore.yang -e central-keystore-supported -e inline-definitions-supported -e asymmetric-keys -e central-keystore-supported -e inline-definitions-supported -e asymmetric-keys
installed features:                                                                                                                                                 
defined features: ietf-truststore.yang -e central-truststore-supported -e inline-definitions-supported -e certificates -e public-keys -e central-truststore-supported -e inline-definitions-supported -e certificates -e public-keys
Enable features ietf-truststore central-truststore-supported
[INF] Connection 322 created.
[INF] Module "ietf-truststore" feature "central-truststore-supported" enabled.
[INF] Connection 322 destroyed.
Enable features ietf-truststore inline-definitions-supported
[INF] Connection 323 created.
[INF] Module "ietf-truststore" feature "inline-definitions-supported" enabled.
[INF] Connection 323 destroyed.
Enable features ietf-truststore certificates
[INF] Connection 324 created.
[INF] Module "ietf-truststore" feature "certificates" enabled.
[INF] Connection 324 destroyed.
Enable features ietf-truststore public-keys
[INF] Connection 325 created.
[INF] Module "ietf-truststore" feature "public-keys" enabled.
[INF] Connection 325 destroyed.
installed features:                                                                                                                                                 
defined features: ietf-netconf-with-defaults.yang ietf-netconf-with-defaults.yang
Install exs1610/internal/ietf-netconf-nmda.yang -e origin -e with-defaults
'/home/oreo/works/repo/build-xpon/workspace/sources/netconf-polt/.local/runtime/usr/bin/sysrepoctl' -i /home/oreo/works/repo/build-xpon/workspace/sources/netconf-polt/../xpon-yang/yang/exs1610/internal/ietf-netconf-nmda.yang -e origin -e with-defaults -s '/home/oreo/works/repo/build-xpon/workspace/sources/netconf-polt/../xpon-yang/yang/exs1610/internal:/home/oreo/works/repo/build-xpon/workspace/sources/netconf-polt/../xpon-yang/yang/common:/home/oreo/works/repo/build-xpon/workspace/sources/netconf-polt/../xpon-yang/yang/exs1610:/home/oreo/works/repo/build-xpon/workspace/sources/netconf-polt/../xpon-yang/yang/exs1610/onus' -p '600' -v3
[INF] Connection 328 created.
[INF] Module "ietf-netconf-nmda" was installed.
[INF] File "ietf-netconf-nmda@2019-01-07.yang" was installed.
[INF] Connection 328 destroyed.
Install exs1610/internal/ietf-netconf-monitoring.yang
'/home/oreo/works/repo/build-xpon/workspace/sources/netconf-polt/.local/runtime/usr/bin/sysrepoctl' -i /home/oreo/works/repo/build-xpon/workspace/sources/netconf-polt/../xpon-yang/yang/exs1610/internal/ietf-netconf-monitoring.yang -s '/home/oreo/works/repo/build-xpon/workspace/sources/netconf-polt/../xpon-yang/yang/exs1610/internal:/home/oreo/works/repo/build-xpon/workspace/sources/netconf-polt/../xpon-yang/yang/common:/home/oreo/works/repo/build-xpon/workspace/sources/netconf-polt/../xpon-yang/yang/exs1610:/home/oreo/works/repo/build-xpon/workspace/sources/netconf-polt/../xpon-yang/yang/exs1610/onus' -p '600' -v3
[INF] Connection 330 created.
[INF] Module "ietf-netconf-monitoring" was installed.
[INF] File "ietf-netconf-monitoring@2010-10-04.yang" was installed.
[INF] Connection 330 destroyed.
Install exs1610/internal/notifications.yang
'/home/oreo/works/repo/build-xpon/workspace/sources/netconf-polt/.local/runtime/usr/bin/sysrepoctl' -i /home/oreo/works/repo/build-xpon/workspace/sources/netconf-polt/../xpon-yang/yang/exs1610/internal/notifications.yang -s '/home/oreo/works/repo/build-xpon/workspace/sources/netconf-polt/../xpon-yang/yang/exs1610/internal:/home/oreo/works/repo/build-xpon/workspace/sources/netconf-polt/../xpon-yang/yang/common:/home/oreo/works/repo/build-xpon/workspace/sources/netconf-polt/../xpon-yang/yang/exs1610:/home/oreo/works/repo/build-xpon/workspace/sources/netconf-polt/../xpon-yang/yang/exs1610/onus' -p '600' -v3
[INF] Connection 332 created.
[INF] Module "notifications" was installed.
[INF] File "notifications@2008-07-14.yang" was installed.
[INF] Connection 332 destroyed.
Install exs1610/internal/nc-notifications.yang
'/home/oreo/works/repo/build-xpon/workspace/sources/netconf-polt/.local/runtime/usr/bin/sysrepoctl' -i /home/oreo/works/repo/build-xpon/workspace/sources/netconf-polt/../xpon-yang/yang/exs1610/internal/nc-notifications.yang -s '/home/oreo/works/repo/build-xpon/workspace/sources/netconf-polt/../xpon-yang/yang/exs1610/internal:/home/oreo/works/repo/build-xpon/workspace/sources/netconf-polt/../xpon-yang/yang/common:/home/oreo/works/repo/build-xpon/workspace/sources/netconf-polt/../xpon-yang/yang/exs1610:/home/oreo/works/repo/build-xpon/workspace/sources/netconf-polt/../xpon-yang/yang/exs1610/onus' -p '600' -v3
[INF] Connection 334 created.
[INF] Module "nc-notifications" was installed.
[INF] File "nc-notifications@2008-07-14.yang" was installed.
[INF] Connection 334 destroyed.
Install exs1610/internal/ietf-tcp-common.yang -e keepalives-supported
'/home/oreo/works/repo/build-xpon/workspace/sources/netconf-polt/.local/runtime/usr/bin/sysrepoctl' -i /home/oreo/works/repo/build-xpon/workspace/sources/netconf-polt/../xpon-yang/yang/exs1610/internal/ietf-tcp-common.yang -e keepalives-supported -s '/home/oreo/works/repo/build-xpon/workspace/sources/netconf-polt/../xpon-yang/yang/exs1610/internal:/home/oreo/works/repo/build-xpon/workspace/sources/netconf-polt/../xpon-yang/yang/common:/home/oreo/works/repo/build-xpon/workspace/sources/netconf-polt/../xpon-yang/yang/exs1610:/home/oreo/works/repo/build-xpon/workspace/sources/netconf-polt/../xpon-yang/yang/exs1610/onus' -p '600' -v3
[INF] Connection 336 created.
[INF] Module "ietf-tcp-common" was installed.
[INF] Connection 336 destroyed.
Install exs1610/internal/ietf-tcp-client.yang -e local-binding-supported -e tcp-client-keepalives
'/home/oreo/works/repo/build-xpon/workspace/sources/netconf-polt/.local/runtime/usr/bin/sysrepoctl' -i /home/oreo/works/repo/build-xpon/workspace/sources/netconf-polt/../xpon-yang/yang/exs1610/internal/ietf-tcp-client.yang -e local-binding-supported -e tcp-client-keepalives -s '/home/oreo/works/repo/build-xpon/workspace/sources/netconf-polt/../xpon-yang/yang/exs1610/internal:/home/oreo/works/repo/build-xpon/workspace/sources/netconf-polt/../xpon-yang/yang/common:/home/oreo/works/repo/build-xpon/workspace/sources/netconf-polt/../xpon-yang/yang/exs1610:/home/oreo/works/repo/build-xpon/workspace/sources/netconf-polt/../xpon-yang/yang/exs1610/onus' -p '600' -v3
[INF] Connection 338 created.
[INF] Module "ietf-tcp-client" was installed.
[INF] Connection 338 destroyed.
Install exs1610/internal/ietf-tcp-server.yang -e tcp-server-keepalives
'/home/oreo/works/repo/build-xpon/workspace/sources/netconf-polt/.local/runtime/usr/bin/sysrepoctl' -i /home/oreo/works/repo/build-xpon/workspace/sources/netconf-polt/../xpon-yang/yang/exs1610/internal/ietf-tcp-server.yang -e tcp-server-keepalives -s '/home/oreo/works/repo/build-xpon/workspace/sources/netconf-polt/../xpon-yang/yang/exs1610/internal:/home/oreo/works/repo/build-xpon/workspace/sources/netconf-polt/../xpon-yang/yang/common:/home/oreo/works/repo/build-xpon/workspace/sources/netconf-polt/../xpon-yang/yang/exs1610:/home/oreo/works/repo/build-xpon/workspace/sources/netconf-polt/../xpon-yang/yang/exs1610/onus' -p '600' -v3
[INF] Connection 340 created.
[INF] Module "ietf-tcp-server" was installed.
[INF] Connection 340 destroyed.
installed features:  tls12 tls13 hello-params                                                                                                                       
defined features: ietf-tls-common.yang -e tls12 -e tls13 -e hello-params -e tls12 -e tls13 -e hello-params
Install exs1610/internal/ietf-tls-server.yang -e server-ident-x509-cert -e client-auth-supported -e client-auth-x509-cert
'/home/oreo/works/repo/build-xpon/workspace/sources/netconf-polt/.local/runtime/usr/bin/sysrepoctl' -i /home/oreo/works/repo/build-xpon/workspace/sources/netconf-polt/../xpon-yang/yang/exs1610/internal/ietf-tls-server.yang -e server-ident-x509-cert -e client-auth-supported -e client-auth-x509-cert -s '/home/oreo/works/repo/build-xpon/workspace/sources/netconf-polt/../xpon-yang/yang/exs1610/internal:/home/oreo/works/repo/build-xpon/workspace/sources/netconf-polt/../xpon-yang/yang/common:/home/oreo/works/repo/build-xpon/workspace/sources/netconf-polt/../xpon-yang/yang/exs1610:/home/oreo/works/repo/build-xpon/workspace/sources/netconf-polt/../xpon-yang/yang/exs1610/onus' -p '600' -v3
[INF] Connection 343 created.
[INF] Module "ietf-tls-server" was installed.
[INF] File "ietf-tls-server@2023-12-28.yang" was installed.
[INF] Connection 343 destroyed.
Install exs1610/internal/ietf-tls-client.yang
'/home/oreo/works/repo/build-xpon/workspace/sources/netconf-polt/.local/runtime/usr/bin/sysrepoctl' -i /home/oreo/works/repo/build-xpon/workspace/sources/netconf-polt/../xpon-yang/yang/exs1610/internal/ietf-tls-client.yang -s '/home/oreo/works/repo/build-xpon/workspace/sources/netconf-polt/../xpon-yang/yang/exs1610/internal:/home/oreo/works/repo/build-xpon/workspace/sources/netconf-polt/../xpon-yang/yang/common:/home/oreo/works/repo/build-xpon/workspace/sources/netconf-polt/../xpon-yang/yang/exs1610:/home/oreo/works/repo/build-xpon/workspace/sources/netconf-polt/../xpon-yang/yang/exs1610/onus' -p '600' -v3
[INF] Connection 345 created.
[INF] Module "ietf-tls-client" was installed.
[INF] File "ietf-tls-client@2023-12-28.yang" was installed.
[INF] Connection 345 destroyed.
Install exs1610/internal/ietf-ssh-common.yang -e ssh-x509-certs -e transport-params
'/home/oreo/works/repo/build-xpon/workspace/sources/netconf-polt/.local/runtime/usr/bin/sysrepoctl' -i /home/oreo/works/repo/build-xpon/workspace/sources/netconf-polt/../xpon-yang/yang/exs1610/internal/ietf-ssh-common.yang -e ssh-x509-certs -e transport-params -s '/home/oreo/works/repo/build-xpon/workspace/sources/netconf-polt/../xpon-yang/yang/exs1610/internal:/home/oreo/works/repo/build-xpon/workspace/sources/netconf-polt/../xpon-yang/yang/common:/home/oreo/works/repo/build-xpon/workspace/sources/netconf-polt/../xpon-yang/yang/exs1610:/home/oreo/works/repo/build-xpon/workspace/sources/netconf-polt/../xpon-yang/yang/exs1610/onus' -p '600' -v3
[INF] Connection 347 created.
[INF] Module "ietf-ssh-common" was installed.
[INF] File "ietf-ssh-common@2023-12-28.yang" was installed.
[INF] Connection 347 destroyed.
Install exs1610/internal/ietf-ssh-client.yang
'/home/oreo/works/repo/build-xpon/workspace/sources/netconf-polt/.local/runtime/usr/bin/sysrepoctl' -i /home/oreo/works/repo/build-xpon/workspace/sources/netconf-polt/../xpon-yang/yang/exs1610/internal/ietf-ssh-client.yang -s '/home/oreo/works/repo/build-xpon/workspace/sources/netconf-polt/../xpon-yang/yang/exs1610/internal:/home/oreo/works/repo/build-xpon/workspace/sources/netconf-polt/../xpon-yang/yang/common:/home/oreo/works/repo/build-xpon/workspace/sources/netconf-polt/../xpon-yang/yang/exs1610:/home/oreo/works/repo/build-xpon/workspace/sources/netconf-polt/../xpon-yang/yang/exs1610/onus' -p '600' -v3
[INF] Connection 349 created.
[INF] Module "ietf-ssh-client" was installed.
[INF] File "ietf-ssh-client@2023-12-28.yang" was installed.
[INF] Connection 349 destroyed.
Install exs1610/internal/ietf-ssh-server.yang -e local-users-supported -e local-user-auth-publickey -e local-user-auth-password -e local-user-auth-none
'/home/oreo/works/repo/build-xpon/workspace/sources/netconf-polt/.local/runtime/usr/bin/sysrepoctl' -i /home/oreo/works/repo/build-xpon/workspace/sources/netconf-polt/../xpon-yang/yang/exs1610/internal/ietf-ssh-server.yang -e local-users-supported -e local-user-auth-publickey -e local-user-auth-password -e local-user-auth-none -s '/home/oreo/works/repo/build-xpon/workspace/sources/netconf-polt/../xpon-yang/yang/exs1610/internal:/home/oreo/works/repo/build-xpon/workspace/sources/netconf-polt/../xpon-yang/yang/common:/home/oreo/works/repo/build-xpon/workspace/sources/netconf-polt/../xpon-yang/yang/exs1610:/home/oreo/works/repo/build-xpon/workspace/sources/netconf-polt/../xpon-yang/yang/exs1610/onus' -p '600' -v3
[INF] Connection 351 created.
[INF] Module "ietf-ssh-server" was installed.
[INF] File "ietf-ssh-server@2023-12-28.yang" was installed.
[INF] Connection 351 destroyed.
Install exs1610/internal/ietf-netconf-server.yang -e ssh-listen -e tls-listen -e ssh-call-home -e tls-call-home -e central-netconf-server-supported
'/home/oreo/works/repo/build-xpon/workspace/sources/netconf-polt/.local/runtime/usr/bin/sysrepoctl' -i /home/oreo/works/repo/build-xpon/workspace/sources/netconf-polt/../xpon-yang/yang/exs1610/internal/ietf-netconf-server.yang -e ssh-listen -e tls-listen -e ssh-call-home -e tls-call-home -e central-netconf-server-supported -s '/home/oreo/works/repo/build-xpon/workspace/sources/netconf-polt/../xpon-yang/yang/exs1610/internal:/home/oreo/works/repo/build-xpon/workspace/sources/netconf-polt/../xpon-yang/yang/common:/home/oreo/works/repo/build-xpon/workspace/sources/netconf-polt/../xpon-yang/yang/exs1610:/home/oreo/works/repo/build-xpon/workspace/sources/netconf-polt/../xpon-yang/yang/exs1610/onus' -p '600' -v3
[INF] Connection 353 created.
[INF] Module "ietf-netconf-server" was installed.
[INF] File "ietf-netconf-server@2023-12-28.yang" was installed.
[INF] Connection 353 destroyed.
Install exs1610/internal/libnetconf2-netconf-server.yang
'/home/oreo/works/repo/build-xpon/workspace/sources/netconf-polt/.local/runtime/usr/bin/sysrepoctl' -i /home/oreo/works/repo/build-xpon/workspace/sources/netconf-polt/../xpon-yang/yang/exs1610/internal/libnetconf2-netconf-server.yang -s '/home/oreo/works/repo/build-xpon/workspace/sources/netconf-polt/../xpon-yang/yang/exs1610/internal:/home/oreo/works/repo/build-xpon/workspace/sources/netconf-polt/../xpon-yang/yang/common:/home/oreo/works/repo/build-xpon/workspace/sources/netconf-polt/../xpon-yang/yang/exs1610:/home/oreo/works/repo/build-xpon/workspace/sources/netconf-polt/../xpon-yang/yang/exs1610/onus' -p '600' -v3
[INF] Connection 355 created.
[INF] Module "libnetconf2-netconf-server" was installed.
[INF] File "libnetconf2-netconf-server@2024-07-09.yang" was installed.
[INF] Connection 355 destroyed.
Install exs1610/internal/netopeer-notifications.yang
'/home/oreo/works/repo/build-xpon/workspace/sources/netconf-polt/.local/runtime/usr/bin/sysrepoctl' -i /home/oreo/works/repo/build-xpon/workspace/sources/netconf-polt/../xpon-yang/yang/exs1610/internal/netopeer-notifications.yang -s '/home/oreo/works/repo/build-xpon/workspace/sources/netconf-polt/../xpon-yang/yang/exs1610/internal:/home/oreo/works/repo/build-xpon/workspace/sources/netconf-polt/../xpon-yang/yang/common:/home/oreo/works/repo/build-xpon/workspace/sources/netconf-polt/../xpon-yang/yang/exs1610:/home/oreo/works/repo/build-xpon/workspace/sources/netconf-polt/../xpon-yang/yang/exs1610/onus' -p '600' -v3
[INF] Connection 357 created.
[INF] Module "netopeer-notifications" was installed.
[INF] File "netopeer-notifications@2025-06-13.yang" was installed.
[INF] Connection 357 destroyed.
Install exs1610/internal/ietf-system-capabilities.yang
'/home/oreo/works/repo/build-xpon/workspace/sources/netconf-polt/.local/runtime/usr/bin/sysrepoctl' -i /home/oreo/works/repo/build-xpon/workspace/sources/netconf-polt/../xpon-yang/yang/exs1610/internal/ietf-system-capabilities.yang -s '/home/oreo/works/repo/build-xpon/workspace/sources/netconf-polt/../xpon-yang/yang/exs1610/internal:/home/oreo/works/repo/build-xpon/workspace/sources/netconf-polt/../xpon-yang/yang/common:/home/oreo/works/repo/build-xpon/workspace/sources/netconf-polt/../xpon-yang/yang/exs1610:/home/oreo/works/repo/build-xpon/workspace/sources/netconf-polt/../xpon-yang/yang/exs1610/onus' -p '600' -v3
[INF] Connection 359 created.
[INF] Module "ietf-system-capabilities" was installed.
[INF] File "ietf-system-capabilities@2022-02-17.yang" was installed.
[INF] Connection 359 destroyed.
Install exs1610/internal/ietf-notification-capabilities.yang
'/home/oreo/works/repo/build-xpon/workspace/sources/netconf-polt/.local/runtime/usr/bin/sysrepoctl' -i /home/oreo/works/repo/build-xpon/workspace/sources/netconf-polt/../xpon-yang/yang/exs1610/internal/ietf-notification-capabilities.yang -s '/home/oreo/works/repo/build-xpon/workspace/sources/netconf-polt/../xpon-yang/yang/exs1610/internal:/home/oreo/works/repo/build-xpon/workspace/sources/netconf-polt/../xpon-yang/yang/common:/home/oreo/works/repo/build-xpon/workspace/sources/netconf-polt/../xpon-yang/yang/exs1610:/home/oreo/works/repo/build-xpon/workspace/sources/netconf-polt/../xpon-yang/yang/exs1610/onus' -p '600' -v3
[INF] Connection 361 created.
[INF] Module "ietf-notification-capabilities" was installed.
[INF] File "ietf-notification-capabilities@2022-02-17.yang" was installed.
[INF] Connection 361 destroyed.
Install exs1610/onus/bbf-onu-management.yang -e onu-templates
'/home/oreo/works/repo/build-xpon/workspace/sources/netconf-polt/.local/runtime/usr/bin/sysrepoctl' -i /home/oreo/works/repo/build-xpon/workspace/sources/netconf-polt/../xpon-yang/yang/exs1610/onus/bbf-onu-management.yang -e onu-templates -s '/home/oreo/works/repo/build-xpon/workspace/sources/netconf-polt/../xpon-yang/yang/exs1610/internal:/home/oreo/works/repo/build-xpon/workspace/sources/netconf-polt/../xpon-yang/yang/common:/home/oreo/works/repo/build-xpon/workspace/sources/netconf-polt/../xpon-yang/yang/exs1610:/home/oreo/works/repo/build-xpon/workspace/sources/netconf-polt/../xpon-yang/yang/exs1610/onus' -p '600' -v3
[INF] Connection 363 created.
[INF] Module "bbf-onu-management" was installed.
[INF] Dependency module "bbf-onus" was installed.
[INF] File "bbf-onu-management@2026-03-25.yang" was installed.
[INF] File "bbf-onus@2023-06-09.yang" was installed.
[INF] Connection 363 destroyed.
Install exs1610/onus/bbf-onu-ethernet-interfaces-common.yang
'/home/oreo/works/repo/build-xpon/workspace/sources/netconf-polt/.local/runtime/usr/bin/sysrepoctl' -i /home/oreo/works/repo/build-xpon/workspace/sources/netconf-polt/../xpon-yang/yang/exs1610/onus/bbf-onu-ethernet-interfaces-common.yang -s '/home/oreo/works/repo/build-xpon/workspace/sources/netconf-polt/../xpon-yang/yang/exs1610/internal:/home/oreo/works/repo/build-xpon/workspace/sources/netconf-polt/../xpon-yang/yang/common:/home/oreo/works/repo/build-xpon/workspace/sources/netconf-polt/../xpon-yang/yang/exs1610:/home/oreo/works/repo/build-xpon/workspace/sources/netconf-polt/../xpon-yang/yang/exs1610/onus' -p '600' -v3
[INF] Connection 365 created.
[INF] Module "bbf-onu-ethernet-interfaces-common" was installed.
[INF] File "bbf-onu-ethernet-interfaces-common@2026-02-02.yang" was installed.
[INF] Connection 365 destroyed.
Install exs1610/onus/bbf-ethernet-performance-management-common.yang
'/home/oreo/works/repo/build-xpon/workspace/sources/netconf-polt/.local/runtime/usr/bin/sysrepoctl' -i /home/oreo/works/repo/build-xpon/workspace/sources/netconf-polt/../xpon-yang/yang/exs1610/onus/bbf-ethernet-performance-management-common.yang -s '/home/oreo/works/repo/build-xpon/workspace/sources/netconf-polt/../xpon-yang/yang/exs1610/internal:/home/oreo/works/repo/build-xpon/workspace/sources/netconf-polt/../xpon-yang/yang/common:/home/oreo/works/repo/build-xpon/workspace/sources/netconf-polt/../xpon-yang/yang/exs1610:/home/oreo/works/repo/build-xpon/workspace/sources/netconf-polt/../xpon-yang/yang/exs1610/onus' -p '600' -v3
[INF] Connection 367 created.
[INF] Module "bbf-ethernet-performance-management-common" was installed.
[INF] File "bbf-ethernet-performance-management-common@2024-06-07.yang" was installed.
[INF] Connection 367 destroyed.
Install exs1610/onus/bbf-hardware-common.yang
'/home/oreo/works/repo/build-xpon/workspace/sources/netconf-polt/.local/runtime/usr/bin/sysrepoctl' -i /home/oreo/works/repo/build-xpon/workspace/sources/netconf-polt/../xpon-yang/yang/exs1610/onus/bbf-hardware-common.yang -s '/home/oreo/works/repo/build-xpon/workspace/sources/netconf-polt/../xpon-yang/yang/exs1610/internal:/home/oreo/works/repo/build-xpon/workspace/sources/netconf-polt/../xpon-yang/yang/common:/home/oreo/works/repo/build-xpon/workspace/sources/netconf-polt/../xpon-yang/yang/exs1610:/home/oreo/works/repo/build-xpon/workspace/sources/netconf-polt/../xpon-yang/yang/exs1610/onus' -p '600' -v3
[INF] Connection 369 created.
[INF] Module "bbf-hardware-common" was installed.
[INF] File "bbf-hardware-common@2023-09-22.yang" was installed.
[INF] Connection 369 destroyed.
Install exs1610/onus/bbf-interfaces-common.yang
'/home/oreo/works/repo/build-xpon/workspace/sources/netconf-polt/.local/runtime/usr/bin/sysrepoctl' -i /home/oreo/works/repo/build-xpon/workspace/sources/netconf-polt/../xpon-yang/yang/exs1610/onus/bbf-interfaces-common.yang -s '/home/oreo/works/repo/build-xpon/workspace/sources/netconf-polt/../xpon-yang/yang/exs1610/internal:/home/oreo/works/repo/build-xpon/workspace/sources/netconf-polt/../xpon-yang/yang/common:/home/oreo/works/repo/build-xpon/workspace/sources/netconf-polt/../xpon-yang/yang/exs1610:/home/oreo/works/repo/build-xpon/workspace/sources/netconf-polt/../xpon-yang/yang/exs1610/onus' -p '600' -v3
[INF] Connection 371 created.
[INF] Module "bbf-interfaces-common" was installed.
[INF] File "bbf-interfaces-common@2024-06-07.yang" was installed.
[INF] Connection 371 destroyed.
Install exs1610/onus/bbf-interfaces-performance-management-common.yang
'/home/oreo/works/repo/build-xpon/workspace/sources/netconf-polt/.local/runtime/usr/bin/sysrepoctl' -i /home/oreo/works/repo/build-xpon/workspace/sources/netconf-polt/../xpon-yang/yang/exs1610/onus/bbf-interfaces-performance-management-common.yang -s '/home/oreo/works/repo/build-xpon/workspace/sources/netconf-polt/../xpon-yang/yang/exs1610/internal:/home/oreo/works/repo/build-xpon/workspace/sources/netconf-polt/../xpon-yang/yang/common:/home/oreo/works/repo/build-xpon/workspace/sources/netconf-polt/../xpon-yang/yang/exs1610:/home/oreo/works/repo/build-xpon/workspace/sources/netconf-polt/../xpon-yang/yang/exs1610/onus' -p '600' -v3
[INF] Connection 373 created.
[INF] Module "bbf-interfaces-performance-management-common" was installed.
[INF] File "bbf-interfaces-performance-management-common@2024-06-07.yang" was installed.
[INF] Connection 373 destroyed.
Install exs1610/onus/bbf-ip-common.yang
'/home/oreo/works/repo/build-xpon/workspace/sources/netconf-polt/.local/runtime/usr/bin/sysrepoctl' -i /home/oreo/works/repo/build-xpon/workspace/sources/netconf-polt/../xpon-yang/yang/exs1610/onus/bbf-ip-common.yang -s '/home/oreo/works/repo/build-xpon/workspace/sources/netconf-polt/../xpon-yang/yang/exs1610/internal:/home/oreo/works/repo/build-xpon/workspace/sources/netconf-polt/../xpon-yang/yang/common:/home/oreo/works/repo/build-xpon/workspace/sources/netconf-polt/../xpon-yang/yang/exs1610:/home/oreo/works/repo/build-xpon/workspace/sources/netconf-polt/../xpon-yang/yang/exs1610/onus' -p '600' -v3
[INF] Connection 375 created.
[INF] Module "bbf-ip-common" was installed.
[INF] File "bbf-ip-common@2024-06-07.yang" was installed.
[INF] Connection 375 destroyed.
Install exs1610/onus/bbf-onu-ethernet-interfaces.yang
'/home/oreo/works/repo/build-xpon/workspace/sources/netconf-polt/.local/runtime/usr/bin/sysrepoctl' -i /home/oreo/works/repo/build-xpon/workspace/sources/netconf-polt/../xpon-yang/yang/exs1610/onus/bbf-onu-ethernet-interfaces.yang -s '/home/oreo/works/repo/build-xpon/workspace/sources/netconf-polt/../xpon-yang/yang/exs1610/internal:/home/oreo/works/repo/build-xpon/workspace/sources/netconf-polt/../xpon-yang/yang/common:/home/oreo/works/repo/build-xpon/workspace/sources/netconf-polt/../xpon-yang/yang/exs1610:/home/oreo/works/repo/build-xpon/workspace/sources/netconf-polt/../xpon-yang/yang/exs1610/onus' -p '600' -v3
[INF] Connection 377 created.
[INF] Module "bbf-onu-ethernet-interfaces" was installed.
[INF] Dependency module "bbf-onu-interfaces" was installed.
[INF] File "bbf-onu-ethernet-interfaces@2024-08-22.yang" was installed.
[INF] File "bbf-onu-interfaces@2025-08-20.yang" was installed.
[INF] File "bbf-onu-if-type@2026-03-28.yang" was installed.
[INF] Connection 377 destroyed.
Install exs1610/onus/bbf-onu-ethernet-performance-management.yang
'/home/oreo/works/repo/build-xpon/workspace/sources/netconf-polt/.local/runtime/usr/bin/sysrepoctl' -i /home/oreo/works/repo/build-xpon/workspace/sources/netconf-polt/../xpon-yang/yang/exs1610/onus/bbf-onu-ethernet-performance-management.yang -s '/home/oreo/works/repo/build-xpon/workspace/sources/netconf-polt/../xpon-yang/yang/exs1610/internal:/home/oreo/works/repo/build-xpon/workspace/sources/netconf-polt/../xpon-yang/yang/common:/home/oreo/works/repo/build-xpon/workspace/sources/netconf-polt/../xpon-yang/yang/exs1610:/home/oreo/works/repo/build-xpon/workspace/sources/netconf-polt/../xpon-yang/yang/exs1610/onus' -p '600' -v3
[INF] Connection 379 created.
[INF] Module "bbf-onu-ethernet-performance-management" was installed.
[INF] Dependency module "bbf-onu-interfaces-performance-management" was installed.
[INF] File "bbf-onu-ethernet-performance-management@2025-08-22.yang" was installed.
[INF] File "bbf-onu-interfaces-performance-management@2025-08-20.yang" was installed.
[INF] Connection 379 destroyed.
Install exs1610/onus/bbf-onu-hardware-state.yang
'/home/oreo/works/repo/build-xpon/workspace/sources/netconf-polt/.local/runtime/usr/bin/sysrepoctl' -i /home/oreo/works/repo/build-xpon/workspace/sources/netconf-polt/../xpon-yang/yang/exs1610/onus/bbf-onu-hardware-state.yang -s '/home/oreo/works/repo/build-xpon/workspace/sources/netconf-polt/../xpon-yang/yang/exs1610/internal:/home/oreo/works/repo/build-xpon/workspace/sources/netconf-polt/../xpon-yang/yang/common:/home/oreo/works/repo/build-xpon/workspace/sources/netconf-polt/../xpon-yang/yang/exs1610:/home/oreo/works/repo/build-xpon/workspace/sources/netconf-polt/../xpon-yang/yang/exs1610/onus' -p '600' -v3
[INF] Connection 381 created.
[INF] Module "bbf-onu-hardware-state" was installed.
[INF] File "bbf-onu-hardware-state@2023-09-22.yang" was installed.
[INF] Connection 381 destroyed.
Install exs1610/onus/bbf-onu-hardware-transceivers-common.yang
'/home/oreo/works/repo/build-xpon/workspace/sources/netconf-polt/.local/runtime/usr/bin/sysrepoctl' -i /home/oreo/works/repo/build-xpon/workspace/sources/netconf-polt/../xpon-yang/yang/exs1610/onus/bbf-onu-hardware-transceivers-common.yang -s '/home/oreo/works/repo/build-xpon/workspace/sources/netconf-polt/../xpon-yang/yang/exs1610/internal:/home/oreo/works/repo/build-xpon/workspace/sources/netconf-polt/../xpon-yang/yang/common:/home/oreo/works/repo/build-xpon/workspace/sources/netconf-polt/../xpon-yang/yang/exs1610:/home/oreo/works/repo/build-xpon/workspace/sources/netconf-polt/../xpon-yang/yang/exs1610/onus' -p '600' -v3
[INF] Connection 383 created.
[INF] Module "bbf-onu-hardware-transceivers-common" was installed.
[INF] File "bbf-onu-hardware-transceivers-common@2024-06-07.yang" was installed.
[INF] Connection 383 destroyed.
Install exs1610/onus/bbf-onu-hardware-transceivers.yang -e optical-power-and-sensitivity-in-dbm
'/home/oreo/works/repo/build-xpon/workspace/sources/netconf-polt/.local/runtime/usr/bin/sysrepoctl' -i /home/oreo/works/repo/build-xpon/workspace/sources/netconf-polt/../xpon-yang/yang/exs1610/onus/bbf-onu-hardware-transceivers.yang -e optical-power-and-sensitivity-in-dbm -s '/home/oreo/works/repo/build-xpon/workspace/sources/netconf-polt/../xpon-yang/yang/exs1610/internal:/home/oreo/works/repo/build-xpon/workspace/sources/netconf-polt/../xpon-yang/yang/common:/home/oreo/works/repo/build-xpon/workspace/sources/netconf-polt/../xpon-yang/yang/exs1610:/home/oreo/works/repo/build-xpon/workspace/sources/netconf-polt/../xpon-yang/yang/exs1610/onus' -p '600' -v3
[INF] Connection 385 created.
[INF] Module "bbf-onu-hardware-transceivers" was installed.
[INF] Dependency module "bbf-onu-hardware" was installed.
[INF] File "bbf-onu-hardware-transceivers@2024-08-22.yang" was installed.
[INF] File "bbf-onu-hardware@2025-08-20.yang" was installed.
[INF] Connection 385 destroyed.
installed features:                                                                                                                                                 
defined features: bbf-onu-hardware.yang -e entity-mib -e hardware-state -e additional-hardware-configuration -e model-name-configuration -e hardware-component-reset -e entity-mib -e hardware-state -e additional-hardware-configuration -e model-name-configuration -e hardware-component-reset
Enable features bbf-onu-hardware entity-mib
[INF] Connection 387 created.
[INF] Module "bbf-onu-hardware" feature "entity-mib" enabled.
[INF] Connection 387 destroyed.
Enable features bbf-onu-hardware hardware-state
[INF] Connection 388 created.
[INF] Module "bbf-onu-hardware" feature "hardware-state" enabled.
[INF] Connection 388 destroyed.
Enable features bbf-onu-hardware additional-hardware-configuration
[INF] Connection 389 created.
[INF] Module "bbf-onu-hardware" feature "additional-hardware-configuration" enabled.
[INF] Connection 389 destroyed.
Enable features bbf-onu-hardware model-name-configuration
[INF] Connection 390 created.
[INF] Module "bbf-onu-hardware" feature "model-name-configuration" enabled.
[INF] Connection 390 destroyed.
Enable features bbf-onu-hardware hardware-component-reset
[INF] Connection 391 created.
[INF] Module "bbf-onu-hardware" feature "hardware-component-reset" enabled.
[INF] Connection 391 destroyed.
Install exs1610/onus/bbf-onu-if-type.yang
'/home/oreo/works/repo/build-xpon/workspace/sources/netconf-polt/.local/runtime/usr/bin/sysrepoctl' -i /home/oreo/works/repo/build-xpon/workspace/sources/netconf-polt/../xpon-yang/yang/exs1610/onus/bbf-onu-if-type.yang -s '/home/oreo/works/repo/build-xpon/workspace/sources/netconf-polt/../xpon-yang/yang/exs1610/internal:/home/oreo/works/repo/build-xpon/workspace/sources/netconf-polt/../xpon-yang/yang/common:/home/oreo/works/repo/build-xpon/workspace/sources/netconf-polt/../xpon-yang/yang/exs1610:/home/oreo/works/repo/build-xpon/workspace/sources/netconf-polt/../xpon-yang/yang/exs1610/onus' -p '600' -v3
[INF] Connection 393 created.
[INF] Module "bbf-onu-if-type" was installed.
[INF] Connection 393 destroyed.
installed features:                                                                                                                                                 
defined features: bbf-onu-interfaces-performance-management.yang bbf-onu-interfaces-performance-management.yang
Install exs1610/onus/bbf-onu-interfaces-qos.yang
'/home/oreo/works/repo/build-xpon/workspace/sources/netconf-polt/.local/runtime/usr/bin/sysrepoctl' -i /home/oreo/works/repo/build-xpon/workspace/sources/netconf-polt/../xpon-yang/yang/exs1610/onus/bbf-onu-interfaces-qos.yang -s '/home/oreo/works/repo/build-xpon/workspace/sources/netconf-polt/../xpon-yang/yang/exs1610/internal:/home/oreo/works/repo/build-xpon/workspace/sources/netconf-polt/../xpon-yang/yang/common:/home/oreo/works/repo/build-xpon/workspace/sources/netconf-polt/../xpon-yang/yang/exs1610:/home/oreo/works/repo/build-xpon/workspace/sources/netconf-polt/../xpon-yang/yang/exs1610/onus' -p '600' -v3
[INF] Connection 396 created.
[INF] Module "bbf-onu-interfaces-qos" was installed.
[INF] Dependency module "bbf-onu-qos-policies" was installed.
[INF] File "bbf-onu-interfaces-qos@2025-08-25.yang" was installed.
[INF] File "bbf-onu-qos-policies@2026-03-27.yang" was installed.
[INF] Connection 396 destroyed.
Install exs1610/onus/bbf-onu-interfaces-vsi-profile.yang -e shared-vsi-profiles
'/home/oreo/works/repo/build-xpon/workspace/sources/netconf-polt/.local/runtime/usr/bin/sysrepoctl' -i /home/oreo/works/repo/build-xpon/workspace/sources/netconf-polt/../xpon-yang/yang/exs1610/onus/bbf-onu-interfaces-vsi-profile.yang -e shared-vsi-profiles -s '/home/oreo/works/repo/build-xpon/workspace/sources/netconf-polt/../xpon-yang/yang/exs1610/internal:/home/oreo/works/repo/build-xpon/workspace/sources/netconf-polt/../xpon-yang/yang/common:/home/oreo/works/repo/build-xpon/workspace/sources/netconf-polt/../xpon-yang/yang/exs1610:/home/oreo/works/repo/build-xpon/workspace/sources/netconf-polt/../xpon-yang/yang/exs1610/onus' -p '600' -v3
[INF] Connection 398 created.
[INF] Module "bbf-onu-interfaces-vsi-profile" was installed.
[INF] Dependency module "bbf-onu-vlan-sub-interface-profiles" was installed.
[INF] File "bbf-onu-interfaces-vsi-profile@2025-08-26.yang" was installed.
[INF] File "bbf-onu-vlan-sub-interface-profiles@2023-09-22.yang" was installed.
[INF] Connection 398 destroyed.
installed features:                                                                                                                                                 
defined features: bbf-onu-interfaces.yang -e arbitrary-names -e pre-provisioning -e if-mib -e arbitrary-names -e pre-provisioning -e if-mib
Enable features bbf-onu-interfaces arbitrary-names
[INF] Connection 400 created.
[INF] Module "bbf-onu-interfaces" feature "arbitrary-names" enabled.
[INF] Connection 400 destroyed.
Enable features bbf-onu-interfaces pre-provisioning
[INF] Connection 401 created.
[INF] Module "bbf-onu-interfaces" feature "pre-provisioning" enabled.
[INF] Connection 401 destroyed.
Enable features bbf-onu-interfaces if-mib
[INF] Connection 402 created.
[INF] Module "bbf-onu-interfaces" feature "if-mib" enabled.
[INF] Connection 402 destroyed.
Install exs1610/onus/bbf-onu-interface-to-hardware.yang
'/home/oreo/works/repo/build-xpon/workspace/sources/netconf-polt/.local/runtime/usr/bin/sysrepoctl' -i /home/oreo/works/repo/build-xpon/workspace/sources/netconf-polt/../xpon-yang/yang/exs1610/onus/bbf-onu-interface-to-hardware.yang -s '/home/oreo/works/repo/build-xpon/workspace/sources/netconf-polt/../xpon-yang/yang/exs1610/internal:/home/oreo/works/repo/build-xpon/workspace/sources/netconf-polt/../xpon-yang/yang/common:/home/oreo/works/repo/build-xpon/workspace/sources/netconf-polt/../xpon-yang/yang/exs1610:/home/oreo/works/repo/build-xpon/workspace/sources/netconf-polt/../xpon-yang/yang/exs1610/onus' -p '600' -v3
[INF] Connection 404 created.
[INF] Module "bbf-onu-interface-to-hardware" was installed.
[INF] File "bbf-onu-interface-to-hardware@2025-08-21.yang" was installed.
[INF] Connection 404 destroyed.
Install exs1610/onus/bbf-onu-ip-lower-layer.yang
'/home/oreo/works/repo/build-xpon/workspace/sources/netconf-polt/.local/runtime/usr/bin/sysrepoctl' -i /home/oreo/works/repo/build-xpon/workspace/sources/netconf-polt/../xpon-yang/yang/exs1610/onus/bbf-onu-ip-lower-layer.yang -s '/home/oreo/works/repo/build-xpon/workspace/sources/netconf-polt/../xpon-yang/yang/exs1610/internal:/home/oreo/works/repo/build-xpon/workspace/sources/netconf-polt/../xpon-yang/yang/common:/home/oreo/works/repo/build-xpon/workspace/sources/netconf-polt/../xpon-yang/yang/exs1610:/home/oreo/works/repo/build-xpon/workspace/sources/netconf-polt/../xpon-yang/yang/exs1610/onus' -p '600' -v3
[INF] Connection 406 created.
[INF] Module "bbf-onu-ip-lower-layer" was installed.
[INF] File "bbf-onu-ip-lower-layer@2025-08-20.yang" was installed.
[INF] Connection 406 destroyed.
Install exs1610/onus/bbf-onu-ip.yang
'/home/oreo/works/repo/build-xpon/workspace/sources/netconf-polt/.local/runtime/usr/bin/sysrepoctl' -i /home/oreo/works/repo/build-xpon/workspace/sources/netconf-polt/../xpon-yang/yang/exs1610/onus/bbf-onu-ip.yang -s '/home/oreo/works/repo/build-xpon/workspace/sources/netconf-polt/../xpon-yang/yang/exs1610/internal:/home/oreo/works/repo/build-xpon/workspace/sources/netconf-polt/../xpon-yang/yang/common:/home/oreo/works/repo/build-xpon/workspace/sources/netconf-polt/../xpon-yang/yang/exs1610:/home/oreo/works/repo/build-xpon/workspace/sources/netconf-polt/../xpon-yang/yang/exs1610/onus' -p '600' -v3
[INF] Connection 408 created.
[INF] Module "bbf-onu-ip" was installed.
[INF] File "bbf-onu-ip@2025-08-20.yang" was installed.
[INF] Connection 408 destroyed.
Install exs1610/onus/bbf-onu-l2-terminations.yang -e generate-pbit-from-marking-list
'/home/oreo/works/repo/build-xpon/workspace/sources/netconf-polt/.local/runtime/usr/bin/sysrepoctl' -i /home/oreo/works/repo/build-xpon/workspace/sources/netconf-polt/../xpon-yang/yang/exs1610/onus/bbf-onu-l2-terminations.yang -e generate-pbit-from-marking-list -s '/home/oreo/works/repo/build-xpon/workspace/sources/netconf-polt/../xpon-yang/yang/exs1610/internal:/home/oreo/works/repo/build-xpon/workspace/sources/netconf-polt/../xpon-yang/yang/common:/home/oreo/works/repo/build-xpon/workspace/sources/netconf-polt/../xpon-yang/yang/exs1610:/home/oreo/works/repo/build-xpon/workspace/sources/netconf-polt/../xpon-yang/yang/exs1610/onus' -p '600' -v3
[INF] Connection 410 created.
[INF] Module "bbf-onu-l2-terminations" was installed.
[INF] File "bbf-onu-l2-terminations@2027-08-20.yang" was installed.
[INF] Connection 410 destroyed.
installed features:                                                                                                                                                 
defined features: bbf-onu-qos-policies.yang -e preserve-pbit-dei-from-frame-to-metadata -e match-on-common-ip-header-fields -e preserve-pbit-dei-from-frame-to-metadata -e match-on-common-ip-header-fields
Enable features bbf-onu-qos-policies preserve-pbit-dei-from-frame-to-metadata
[INF] Connection 412 created.
[INF] Module "bbf-onu-qos-policies" feature "preserve-pbit-dei-from-frame-to-metadata" enabled.
[INF] Connection 412 destroyed.
Enable features bbf-onu-qos-policies match-on-common-ip-header-fields
[INF] Connection 413 created.
[INF] Module "bbf-onu-qos-policies" feature "match-on-common-ip-header-fields" enabled.
[INF] Connection 413 destroyed.
Install exs1610/onus/bbf-onu-qos-traffic-mngt-profiles.yang -e tc-id-2-queue-id-mapping-config
'/home/oreo/works/repo/build-xpon/workspace/sources/netconf-polt/.local/runtime/usr/bin/sysrepoctl' -i /home/oreo/works/repo/build-xpon/workspace/sources/netconf-polt/../xpon-yang/yang/exs1610/onus/bbf-onu-qos-traffic-mngt-profiles.yang -e tc-id-2-queue-id-mapping-config -s '/home/oreo/works/repo/build-xpon/workspace/sources/netconf-polt/../xpon-yang/yang/exs1610/internal:/home/oreo/works/repo/build-xpon/workspace/sources/netconf-polt/../xpon-yang/yang/common:/home/oreo/works/repo/build-xpon/workspace/sources/netconf-polt/../xpon-yang/yang/exs1610:/home/oreo/works/repo/build-xpon/workspace/sources/netconf-polt/../xpon-yang/yang/exs1610/onus' -p '600' -v3
[INF] Connection 415 created.
[INF] Module "bbf-onu-qos-traffic-mngt-profiles" was installed.
[INF] File "bbf-onu-qos-traffic-mngt-profiles@2023-09-22.yang" was installed.
[INF] File "bbf-qos-traffic-mngt-profiles-common@2023-09-22.yang" was installed.
[INF] Connection 415 destroyed.
Install exs1610/onus/bbf-onu-qos-traffic-mngt.yang
'/home/oreo/works/repo/build-xpon/workspace/sources/netconf-polt/.local/runtime/usr/bin/sysrepoctl' -i /home/oreo/works/repo/build-xpon/workspace/sources/netconf-polt/../xpon-yang/yang/exs1610/onus/bbf-onu-qos-traffic-mngt.yang -s '/home/oreo/works/repo/build-xpon/workspace/sources/netconf-polt/../xpon-yang/yang/exs1610/internal:/home/oreo/works/repo/build-xpon/workspace/sources/netconf-polt/../xpon-yang/yang/common:/home/oreo/works/repo/build-xpon/workspace/sources/netconf-polt/../xpon-yang/yang/exs1610:/home/oreo/works/repo/build-xpon/workspace/sources/netconf-polt/../xpon-yang/yang/exs1610/onus' -p '600' -v3
[INF] Connection 417 created.
[INF] Module "bbf-onu-qos-traffic-mngt" was installed.
[INF] File "bbf-onu-qos-traffic-mngt@2025-08-25.yang" was installed.
[INF] Connection 417 destroyed.
Install exs1610/onus/bbf-onu-sub-interfaces.yang -e tag-rewrites
'/home/oreo/works/repo/build-xpon/workspace/sources/netconf-polt/.local/runtime/usr/bin/sysrepoctl' -i /home/oreo/works/repo/build-xpon/workspace/sources/netconf-polt/../xpon-yang/yang/exs1610/onus/bbf-onu-sub-interfaces.yang -e tag-rewrites -s '/home/oreo/works/repo/build-xpon/workspace/sources/netconf-polt/../xpon-yang/yang/exs1610/internal:/home/oreo/works/repo/build-xpon/workspace/sources/netconf-polt/../xpon-yang/yang/common:/home/oreo/works/repo/build-xpon/workspace/sources/netconf-polt/../xpon-yang/yang/exs1610:/home/oreo/works/repo/build-xpon/workspace/sources/netconf-polt/../xpon-yang/yang/exs1610/onus' -p '600' -v3
[INF] Connection 419 created.
[INF] Module "bbf-onu-sub-interfaces" was installed.
[INF] File "bbf-onu-sub-interfaces@2025-08-26.yang" was installed.
[INF] Connection 419 destroyed.
installed features:                                                                                                                                                 
defined features: bbf-onus.yang bbf-onus.yang
Install exs1610/onus/bbf-onu-vlan-sub-interface-profile-qos.yang
'/home/oreo/works/repo/build-xpon/workspace/sources/netconf-polt/.local/runtime/usr/bin/sysrepoctl' -i /home/oreo/works/repo/build-xpon/workspace/sources/netconf-polt/../xpon-yang/yang/exs1610/onus/bbf-onu-vlan-sub-interface-profile-qos.yang -s '/home/oreo/works/repo/build-xpon/workspace/sources/netconf-polt/../xpon-yang/yang/exs1610/internal:/home/oreo/works/repo/build-xpon/workspace/sources/netconf-polt/../xpon-yang/yang/common:/home/oreo/works/repo/build-xpon/workspace/sources/netconf-polt/../xpon-yang/yang/exs1610:/home/oreo/works/repo/build-xpon/workspace/sources/netconf-polt/../xpon-yang/yang/exs1610/onus' -p '600' -v3
[INF] Connection 422 created.
[INF] Module "bbf-onu-vlan-sub-interface-profile-qos" was installed.
[INF] File "bbf-onu-vlan-sub-interface-profile-qos@2024-06-07.yang" was installed.
[INF] Connection 422 destroyed.
installed features:                                                                                                                                                 
defined features: bbf-onu-vlan-sub-interface-profiles.yang -e vlan-id-translation -e vlan-id-translation
Enable features bbf-onu-vlan-sub-interface-profiles vlan-id-translation
[INF] Connection 424 created.
[INF] Module "bbf-onu-vlan-sub-interface-profiles" feature "vlan-id-translation" enabled.
[INF] Connection 424 destroyed.
Install exs1610/onus/bbf-onu-ani-common.yang
'/home/oreo/works/repo/build-xpon/workspace/sources/netconf-polt/.local/runtime/usr/bin/sysrepoctl' -i /home/oreo/works/repo/build-xpon/workspace/sources/netconf-polt/../xpon-yang/yang/exs1610/onus/bbf-onu-ani-common.yang -s '/home/oreo/works/repo/build-xpon/workspace/sources/netconf-polt/../xpon-yang/yang/exs1610/internal:/home/oreo/works/repo/build-xpon/workspace/sources/netconf-polt/../xpon-yang/yang/common:/home/oreo/works/repo/build-xpon/workspace/sources/netconf-polt/../xpon-yang/yang/exs1610:/home/oreo/works/repo/build-xpon/workspace/sources/netconf-polt/../xpon-yang/yang/exs1610/onus' -p '600' -v3
[INF] Connection 426 created.
[INF] Module "bbf-onu-ani-common" was installed.
[INF] File "bbf-onu-ani-common@2026-12-03.yang" was installed.
[INF] Connection 426 destroyed.
Install exs1610/onus/bbf-onu-xpon-interfaces.yang
'/home/oreo/works/repo/build-xpon/workspace/sources/netconf-polt/.local/runtime/usr/bin/sysrepoctl' -i /home/oreo/works/repo/build-xpon/workspace/sources/netconf-polt/../xpon-yang/yang/exs1610/onus/bbf-onu-xpon-interfaces.yang -s '/home/oreo/works/repo/build-xpon/workspace/sources/netconf-polt/../xpon-yang/yang/exs1610/internal:/home/oreo/works/repo/build-xpon/workspace/sources/netconf-polt/../xpon-yang/yang/common:/home/oreo/works/repo/build-xpon/workspace/sources/netconf-polt/../xpon-yang/yang/exs1610:/home/oreo/works/repo/build-xpon/workspace/sources/netconf-polt/../xpon-yang/yang/exs1610/onus' -p '600' -v3
[INF] Connection 428 created.
[INF] Module "bbf-onu-xpon-interfaces" was installed.
[INF] File "bbf-onu-xpon-interfaces@2025-08-29.yang" was installed.
[INF] Connection 428 destroyed.
Validate exs1610/onus/vecima-onu-interfaces.yang
/home/oreo/works/repo/build-xpon/workspace/sources/netconf-polt/.local/bin/pyang --lint --lint-modulename-prefix=vecima --lint-namespace-prefix=urn:vecima:yang: --max-line-len=70 /home/oreo/works/repo/build-xpon/workspace/sources/netconf-polt/../xpon-yang/yang/exs1610/onus/vecima-onu-interfaces.yang -p '/home/oreo/works/repo/build-xpon/workspace/sources/netconf-polt/../xpon-yang/yang/exs1610/internal:/home/oreo/works/repo/build-xpon/workspace/sources/netconf-polt/../xpon-yang/yang/common:/home/oreo/works/repo/build-xpon/workspace/sources/netconf-polt/../xpon-yang/yang/exs1610:/home/oreo/works/repo/build-xpon/workspace/sources/netconf-polt/../xpon-yang/yang/exs1610/onus'
Install exs1610/onus/vecima-onu-interfaces.yang
'/home/oreo/works/repo/build-xpon/workspace/sources/netconf-polt/.local/runtime/usr/bin/sysrepoctl' -i /home/oreo/works/repo/build-xpon/workspace/sources/netconf-polt/../xpon-yang/yang/exs1610/onus/vecima-onu-interfaces.yang -s '/home/oreo/works/repo/build-xpon/workspace/sources/netconf-polt/../xpon-yang/yang/exs1610/internal:/home/oreo/works/repo/build-xpon/workspace/sources/netconf-polt/../xpon-yang/yang/common:/home/oreo/works/repo/build-xpon/workspace/sources/netconf-polt/../xpon-yang/yang/exs1610:/home/oreo/works/repo/build-xpon/workspace/sources/netconf-polt/../xpon-yang/yang/exs1610/onus' -p '600' -v3
[INF] Connection 430 created.
[INF] Module "vecima-onu-interfaces" was installed.
[INF] File "vecima-onu-interfaces@2026-03-24.yang" was installed.
[INF] Connection 430 destroyed.
Install exs1610/onus/bbf-onu-xpon-metadata-common.yang
'/home/oreo/works/repo/build-xpon/workspace/sources/netconf-polt/.local/runtime/usr/bin/sysrepoctl' -i /home/oreo/works/repo/build-xpon/workspace/sources/netconf-polt/../xpon-yang/yang/exs1610/onus/bbf-onu-xpon-metadata-common.yang -s '/home/oreo/works/repo/build-xpon/workspace/sources/netconf-polt/../xpon-yang/yang/exs1610/internal:/home/oreo/works/repo/build-xpon/workspace/sources/netconf-polt/../xpon-yang/yang/common:/home/oreo/works/repo/build-xpon/workspace/sources/netconf-polt/../xpon-yang/yang/exs1610:/home/oreo/works/repo/build-xpon/workspace/sources/netconf-polt/../xpon-yang/yang/exs1610/onus' -p '600' -v3
[INF] Connection 432 created.
[INF] Module "bbf-onu-xpon-metadata-common" was installed.
[INF] File "bbf-onu-xpon-metadata-common@2024-01-04.yang" was installed.
[INF] Connection 432 destroyed.
Install exs1610/onus/bbf-onu-xpon-metadata.yang
'/home/oreo/works/repo/build-xpon/workspace/sources/netconf-polt/.local/runtime/usr/bin/sysrepoctl' -i /home/oreo/works/repo/build-xpon/workspace/sources/netconf-polt/../xpon-yang/yang/exs1610/onus/bbf-onu-xpon-metadata.yang -s '/home/oreo/works/repo/build-xpon/workspace/sources/netconf-polt/../xpon-yang/yang/exs1610/internal:/home/oreo/works/repo/build-xpon/workspace/sources/netconf-polt/../xpon-yang/yang/common:/home/oreo/works/repo/build-xpon/workspace/sources/netconf-polt/../xpon-yang/yang/exs1610:/home/oreo/works/repo/build-xpon/workspace/sources/netconf-polt/../xpon-yang/yang/exs1610/onus' -p '600' -v3
[INF] Connection 434 created.
[INF] Module "bbf-onu-xpon-metadata" was installed.
[INF] File "bbf-onu-xpon-metadata@2025-08-29.yang" was installed.
[INF] Connection 434 destroyed.
Install exs1610/onus/bbf-qos-traffic-mngt-profiles-common.yang
'/home/oreo/works/repo/build-xpon/workspace/sources/netconf-polt/.local/runtime/usr/bin/sysrepoctl' -i /home/oreo/works/repo/build-xpon/workspace/sources/netconf-polt/../xpon-yang/yang/exs1610/onus/bbf-qos-traffic-mngt-profiles-common.yang -s '/home/oreo/works/repo/build-xpon/workspace/sources/netconf-polt/../xpon-yang/yang/exs1610/internal:/home/oreo/works/repo/build-xpon/workspace/sources/netconf-polt/../xpon-yang/yang/common:/home/oreo/works/repo/build-xpon/workspace/sources/netconf-polt/../xpon-yang/yang/exs1610:/home/oreo/works/repo/build-xpon/workspace/sources/netconf-polt/../xpon-yang/yang/exs1610/onus' -p '600' -v3
[INF] Connection 436 created.
[INF] Module "bbf-qos-traffic-mngt-profiles-common" was installed.
[INF] Connection 436 destroyed.
Validate exs1610/onus/vecima-onu-software-management.yang
/home/oreo/works/repo/build-xpon/workspace/sources/netconf-polt/.local/bin/pyang --lint --lint-modulename-prefix=vecima --lint-namespace-prefix=urn:vecima:yang: --max-line-len=70 /home/oreo/works/repo/build-xpon/workspace/sources/netconf-polt/../xpon-yang/yang/exs1610/onus/vecima-onu-software-management.yang -p '/home/oreo/works/repo/build-xpon/workspace/sources/netconf-polt/../xpon-yang/yang/exs1610/internal:/home/oreo/works/repo/build-xpon/workspace/sources/netconf-polt/../xpon-yang/yang/common:/home/oreo/works/repo/build-xpon/workspace/sources/netconf-polt/../xpon-yang/yang/exs1610:/home/oreo/works/repo/build-xpon/workspace/sources/netconf-polt/../xpon-yang/yang/exs1610/onus'
Install exs1610/onus/vecima-onu-software-management.yang
'/home/oreo/works/repo/build-xpon/workspace/sources/netconf-polt/.local/runtime/usr/bin/sysrepoctl' -i /home/oreo/works/repo/build-xpon/workspace/sources/netconf-polt/../xpon-yang/yang/exs1610/onus/vecima-onu-software-management.yang -s '/home/oreo/works/repo/build-xpon/workspace/sources/netconf-polt/../xpon-yang/yang/exs1610/internal:/home/oreo/works/repo/build-xpon/workspace/sources/netconf-polt/../xpon-yang/yang/common:/home/oreo/works/repo/build-xpon/workspace/sources/netconf-polt/../xpon-yang/yang/exs1610:/home/oreo/works/repo/build-xpon/workspace/sources/netconf-polt/../xpon-yang/yang/exs1610/onus' -p '600' -v3
[INF] Connection 438 created.
[INF] Module "vecima-onu-software-management" was installed.
[INF] File "vecima-onu-software-management@2026-02-27.yang" was installed.
[INF] Connection 438 destroyed.
Validate exs1610/onus/vecima-onu-hardware.yang
/home/oreo/works/repo/build-xpon/workspace/sources/netconf-polt/.local/bin/pyang --lint --lint-modulename-prefix=vecima --lint-namespace-prefix=urn:vecima:yang: --max-line-len=70 /home/oreo/works/repo/build-xpon/workspace/sources/netconf-polt/../xpon-yang/yang/exs1610/onus/vecima-onu-hardware.yang -p '/home/oreo/works/repo/build-xpon/workspace/sources/netconf-polt/../xpon-yang/yang/exs1610/internal:/home/oreo/works/repo/build-xpon/workspace/sources/netconf-polt/../xpon-yang/yang/common:/home/oreo/works/repo/build-xpon/workspace/sources/netconf-polt/../xpon-yang/yang/exs1610:/home/oreo/works/repo/build-xpon/workspace/sources/netconf-polt/../xpon-yang/yang/exs1610/onus'
Install exs1610/onus/vecima-onu-hardware.yang
'/home/oreo/works/repo/build-xpon/workspace/sources/netconf-polt/.local/runtime/usr/bin/sysrepoctl' -i /home/oreo/works/repo/build-xpon/workspace/sources/netconf-polt/../xpon-yang/yang/exs1610/onus/vecima-onu-hardware.yang -s '/home/oreo/works/repo/build-xpon/workspace/sources/netconf-polt/../xpon-yang/yang/exs1610/internal:/home/oreo/works/repo/build-xpon/workspace/sources/netconf-polt/../xpon-yang/yang/common:/home/oreo/works/repo/build-xpon/workspace/sources/netconf-polt/../xpon-yang/yang/exs1610:/home/oreo/works/repo/build-xpon/workspace/sources/netconf-polt/../xpon-yang/yang/exs1610/onus' -p '600' -v3
[INF] Connection 440 created.
[INF] Module "vecima-onu-hardware" was installed.
[INF] File "vecima-onu-hardware@2026-03-11.yang" was installed.
[INF] Connection 440 destroyed.
Validate exs1610/onus/vecima-onu-voip.yang
/home/oreo/works/repo/build-xpon/workspace/sources/netconf-polt/.local/bin/pyang --lint --lint-modulename-prefix=vecima --lint-namespace-prefix=urn:vecima:yang: --max-line-len=70 /home/oreo/works/repo/build-xpon/workspace/sources/netconf-polt/../xpon-yang/yang/exs1610/onus/vecima-onu-voip.yang -p '/home/oreo/works/repo/build-xpon/workspace/sources/netconf-polt/../xpon-yang/yang/exs1610/internal:/home/oreo/works/repo/build-xpon/workspace/sources/netconf-polt/../xpon-yang/yang/common:/home/oreo/works/repo/build-xpon/workspace/sources/netconf-polt/../xpon-yang/yang/exs1610:/home/oreo/works/repo/build-xpon/workspace/sources/netconf-polt/../xpon-yang/yang/exs1610/onus'
Install exs1610/onus/vecima-onu-voip.yang
'/home/oreo/works/repo/build-xpon/workspace/sources/netconf-polt/.local/runtime/usr/bin/sysrepoctl' -i /home/oreo/works/repo/build-xpon/workspace/sources/netconf-polt/../xpon-yang/yang/exs1610/onus/vecima-onu-voip.yang -s '/home/oreo/works/repo/build-xpon/workspace/sources/netconf-polt/../xpon-yang/yang/exs1610/internal:/home/oreo/works/repo/build-xpon/workspace/sources/netconf-polt/../xpon-yang/yang/common:/home/oreo/works/repo/build-xpon/workspace/sources/netconf-polt/../xpon-yang/yang/exs1610:/home/oreo/works/repo/build-xpon/workspace/sources/netconf-polt/../xpon-yang/yang/exs1610/onus' -p '600' -v3
[INF] Connection 442 created.
[INF] Module "vecima-onu-voip" was installed.
[INF] File "vecima-onu-voip@2026-04-13.yang" was installed.
[INF] Connection 442 destroyed.
Enable notif replay for ietf-alarms
[INF] Connection 443 created.
[INF] Module "ietf-alarms" replay support enabled.
[INF] Connection 443 destroyed.
Enable notif replay for ietf-hardware
[INF] Connection 444 created.
[INF] Module "ietf-hardware" replay support enabled.
[INF] Connection 444 destroyed.
Enable notif replay for ietf-interfaces
[INF] Connection 445 created.
[INF] Module "ietf-interfaces" replay support enabled.
[INF] Connection 445 destroyed.
Enable notif replay for vecima-olt-notif-adaptor
[INF] Connection 446 created.
[INF] Module "vecima-olt-notif-adaptor" replay support enabled.
[INF] Connection 446 destroyed.
Enable notif replay for vecima-olt-notifications
[INF] Connection 447 created.
[INF] Module "vecima-olt-notifications" replay support enabled.
[INF] Connection 447 destroyed.
Installed modules (249 lines from sysrepoctl -l)
Step B2: import base configs (not timed, merge via --edit)
  base: hardware.xml
  base: qos-stack.xml
  base: platform-stack.xml
  base: network-vsubif.xml
  base: xpongemtcont-base.xml
  base: onu-templates/00-onu-template-shared.xml
  base: onu-templates/01-template-Prod_GPON_HGU_G140WH.xml
  base: onu-templates/02-template-Prod_GPON_HGU_G240WG.xml
  base: onu-templates/03-template-Prod_GPON_HGU_G240WJ.xml
  base: onu-templates/04-template-Prod_GPON_HGU_G2425GA.xml
  base: onu-templates/05-template-Prod_GPON_HGU_NOCLEICODEG140WH.xml
  base: onu-templates/06-template-Prod_GPON_HGU_NOCLEICODEG1425GA.xml
  base: onu-templates/07-template-Prod_GPON_HGU_NOCLEICODEG240WG.xml
  base: onu-templates/08-template-Prod_GPON_HGU_NOCLEICODEG240WJ.xml
  base: onu-templates/09-template-Prod_GPON_HGU_NOCLEICODEG2425GA.xml
  base: onu-templates/10-template-Prod_GPON_SFU_BVL3A8JNAAG010SA.xml
  base: onu-templates/11-template-Prod_XGS_SFU_BRCM55040B.xml
  base: onu-templates/12-template-Prod_XGS_SFU_BVMG510BRAXS110GA.xml
  base: onu-templates/13-template-Prod_XGS_SFU_BVMGY10BRAXS010XQ.xml
  base: onu-templates/14-template-Prod_XGS_SFU_NOVA-2200.xml
  base: onu-templates/15-template-Prod_XGS_SFU_NOVA-2202.xml
  base: onu-templates/16-template-Prod_XGS_SFU_NOVA-2204.xml
  base: onu-templates/17-template-Prod_XGS_SFU_PM7516-R0.xml
  base: onu-templates/18-template-Prod_XGS_SFU_XGS2200C10.xml
  base: onu-templates/19-template-default-onu-template.xml
  base: forwarding-shell.xml
  base: keystore.xml
  base: truststore.xml
  base: system.xml
  base: device.xml
  base: datastore.xml
  base: subsys.xml
  base: netconf-server.xml
  base: lldp.xml
Step B2.5: preflight — verify chpart/chpair/templates in running before ONU provision
preflight: 24 unique chpart, 24 chpair, 19 templates from create files
ok: all channel-partition refs present in running/ietf-interfaces
ok: all channel-pair refs present in running/ietf-interfaces
ok: all template refs present in running/bbf-onus
running ietf-interfaces: 136 interfaces exported
running bbf-onus: 19 templates exported
preflight: base ready for ONU provision
Step B3: timed ONU provision imports
Step B4: timed ONU service imports
provision: ok=1022 fail=0 time=340.992s
service: ok=1016 fail=0 time=1906.212s
incremental total: 2247.204s status=ok
results: /home/oreo/works/repo/build-xpon/workspace/sources/netconf-polt/scripts/scale_cfg/results/mode_s_d2b.csv
configs: /home/oreo/works/repo/build-xpon/workspace/sources/netconf-polt/scripts/scale_cfg/work/configs
finished: 2026-07-30T13:47:41+08:00
